--------------------------------------------------------
--  DDL for Table ADMINMENU
--------------------------------------------------------

  CREATE TABLE "HR"."ADMINMENU" 
   (	"MAJORNAME" VARCHAR2(20 BYTE), 
	"NAME" VARCHAR2(20 BYTE), 
	"URL" VARCHAR2(40 BYTE)
   ) SEGMENT CREATION IMMEDIATE 
  PCTFREE 10 PCTUSED 40 INITRANS 1 MAXTRANS 255 NOCOMPRESS LOGGING
  STORAGE(INITIAL 65536 NEXT 1048576 MINEXTENTS 1 MAXEXTENTS 2147483645
  PCTINCREASE 0 FREELISTS 1 FREELIST GROUPS 1 BUFFER_POOL DEFAULT FLASH_CACHE DEFAULT CELL_FLASH_CACHE DEFAULT)
  TABLESPACE "USERS" ;
--------------------------------------------------------
--  DDL for Table BOARD
--------------------------------------------------------

  CREATE TABLE "HR"."BOARD" 
   (	"BOARD_NUM" NUMBER(*,0), 
	"BOARD_NAME" VARCHAR2(20 BYTE), 
	"BOARD_PASS" VARCHAR2(20 BYTE), 
	"BOARD_SUBJECT" VARCHAR2(20 BYTE), 
	"BOARD_CONTENT" VARCHAR2(20 BYTE), 
	"BOARD_FILE" VARCHAR2(20 BYTE), 
	"BOARD_RE_REF" NUMBER(*,0), 
	"BOARD_RE_LEV" NUMBER(*,0), 
	"BOARD_RE_SEQ" NUMBER(*,0), 
	"BOARD_READCOUNT" NUMBER(*,0), 
	"BOARD_DATE" DATE
   ) SEGMENT CREATION IMMEDIATE 
  PCTFREE 10 PCTUSED 40 INITRANS 1 MAXTRANS 255 NOCOMPRESS LOGGING
  STORAGE(INITIAL 65536 NEXT 1048576 MINEXTENTS 1 MAXEXTENTS 2147483645
  PCTINCREASE 0 FREELISTS 1 FREELIST GROUPS 1 BUFFER_POOL DEFAULT FLASH_CACHE DEFAULT CELL_FLASH_CACHE DEFAULT)
  TABLESPACE "USERS" ;
--------------------------------------------------------
--  DDL for Table CODEXBRAND
--------------------------------------------------------

  CREATE TABLE "HR"."CODEXBRAND" 
   (	"BRANDNAME" VARCHAR2(50 BYTE), 
	"BRANDCODE" NUMBER(10,0)
   ) SEGMENT CREATION IMMEDIATE 
  PCTFREE 10 PCTUSED 40 INITRANS 1 MAXTRANS 255 NOCOMPRESS LOGGING
  STORAGE(INITIAL 65536 NEXT 1048576 MINEXTENTS 1 MAXEXTENTS 2147483645
  PCTINCREASE 0 FREELISTS 1 FREELIST GROUPS 1 BUFFER_POOL DEFAULT FLASH_CACHE DEFAULT CELL_FLASH_CACHE DEFAULT)
  TABLESPACE "USERS" ;
--------------------------------------------------------
--  DDL for Table COUNTRIES
--------------------------------------------------------

  CREATE TABLE "HR"."COUNTRIES" 
   (	"COUNTRY_ID" CHAR(2 BYTE), 
	"COUNTRY_NAME" VARCHAR2(40 BYTE), 
	"REGION_ID" NUMBER, 
	 CONSTRAINT "COUNTRY_C_ID_PK" PRIMARY KEY ("COUNTRY_ID") ENABLE
   ) ORGANIZATION INDEX NOCOMPRESS PCTFREE 10 INITRANS 2 MAXTRANS 255 LOGGING
  STORAGE(INITIAL 65536 NEXT 1048576 MINEXTENTS 1 MAXEXTENTS 2147483645
  PCTINCREASE 0 FREELISTS 1 FREELIST GROUPS 1 BUFFER_POOL DEFAULT FLASH_CACHE DEFAULT CELL_FLASH_CACHE DEFAULT)
  TABLESPACE "USERS" 
 PCTTHRESHOLD 50;

   COMMENT ON COLUMN "HR"."COUNTRIES"."COUNTRY_ID" IS 'Primary key of countries table.';
   COMMENT ON COLUMN "HR"."COUNTRIES"."COUNTRY_NAME" IS 'Country name';
   COMMENT ON COLUMN "HR"."COUNTRIES"."REGION_ID" IS 'Region ID for the country. Foreign key to region_id column in the departments table.';
   COMMENT ON TABLE "HR"."COUNTRIES"  IS 'country table. Contains 25 rows. References with locations table.';
--------------------------------------------------------
--  DDL for Table CUSBOARD
--------------------------------------------------------

  CREATE TABLE "HR"."CUSBOARD" 
   (	"NAME" VARCHAR2(50 BYTE), 
	"TITLE" VARCHAR2(50 BYTE), 
	"CON" VARCHAR2(500 BYTE)
   ) SEGMENT CREATION IMMEDIATE 
  PCTFREE 10 PCTUSED 40 INITRANS 1 MAXTRANS 255 NOCOMPRESS LOGGING
  STORAGE(INITIAL 65536 NEXT 1048576 MINEXTENTS 1 MAXEXTENTS 2147483645
  PCTINCREASE 0 FREELISTS 1 FREELIST GROUPS 1 BUFFER_POOL DEFAULT FLASH_CACHE DEFAULT CELL_FLASH_CACHE DEFAULT)
  TABLESPACE "USERS" ;
--------------------------------------------------------
--  DDL for Table DEPARTMENTS
--------------------------------------------------------

  CREATE TABLE "HR"."DEPARTMENTS" 
   (	"DEPARTMENT_ID" NUMBER(4,0), 
	"DEPARTMENT_NAME" VARCHAR2(30 BYTE), 
	"MANAGER_ID" NUMBER(6,0), 
	"LOCATION_ID" NUMBER(4,0)
   ) SEGMENT CREATION IMMEDIATE 
  PCTFREE 10 PCTUSED 40 INITRANS 1 MAXTRANS 255 NOCOMPRESS LOGGING
  STORAGE(INITIAL 65536 NEXT 1048576 MINEXTENTS 1 MAXEXTENTS 2147483645
  PCTINCREASE 0 FREELISTS 1 FREELIST GROUPS 1 BUFFER_POOL DEFAULT FLASH_CACHE DEFAULT CELL_FLASH_CACHE DEFAULT)
  TABLESPACE "USERS" ;

   COMMENT ON COLUMN "HR"."DEPARTMENTS"."DEPARTMENT_ID" IS 'Primary key column of departments table.';
   COMMENT ON COLUMN "HR"."DEPARTMENTS"."DEPARTMENT_NAME" IS 'A not null column that shows name of a department. Administration,
Marketing, Purchasing, Human Resources, Shipping, IT, Executive, Public
Relations, Sales, Finance, and Accounting. ';
   COMMENT ON COLUMN "HR"."DEPARTMENTS"."MANAGER_ID" IS 'Manager_id of a department. Foreign key to employee_id column of employees table. The manager_id column of the employee table references this column.';
   COMMENT ON COLUMN "HR"."DEPARTMENTS"."LOCATION_ID" IS 'Location id where a department is located. Foreign key to location_id column of locations table.';
   COMMENT ON TABLE "HR"."DEPARTMENTS"  IS 'Departments table that shows details of departments where employees
work. Contains 27 rows; references with locations, employees, and job_history tables.';
--------------------------------------------------------
--  DDL for Table DIEDIE
--------------------------------------------------------

  CREATE TABLE "HR"."DIEDIE" 
   (	"EMAIL" VARCHAR2(50 BYTE), 
	"PRODUCT" VARCHAR2(100 BYTE), 
	"TITLE" VARCHAR2(100 BYTE), 
	"SUBJECT" VARCHAR2(1000 BYTE), 
	"PHONE" VARCHAR2(50 BYTE), 
	"REPLE" VARCHAR2(1000 BYTE), 
	"ID" VARCHAR2(20 BYTE)
   ) SEGMENT CREATION IMMEDIATE 
  PCTFREE 10 PCTUSED 40 INITRANS 1 MAXTRANS 255 NOCOMPRESS LOGGING
  STORAGE(INITIAL 65536 NEXT 1048576 MINEXTENTS 1 MAXEXTENTS 2147483645
  PCTINCREASE 0 FREELISTS 1 FREELIST GROUPS 1 BUFFER_POOL DEFAULT FLASH_CACHE DEFAULT CELL_FLASH_CACHE DEFAULT)
  TABLESPACE "USERS" ;
--------------------------------------------------------
--  DDL for Table EMPLOYEES
--------------------------------------------------------

  CREATE TABLE "HR"."EMPLOYEES" 
   (	"EMPLOYEE_ID" NUMBER(6,0), 
	"FIRST_NAME" VARCHAR2(20 BYTE), 
	"LAST_NAME" VARCHAR2(25 BYTE), 
	"EMAIL" VARCHAR2(25 BYTE), 
	"PHONE_NUMBER" VARCHAR2(20 BYTE), 
	"HIRE_DATE" DATE, 
	"JOB_ID" VARCHAR2(10 BYTE), 
	"SALARY" NUMBER(8,2), 
	"COMMISSION_PCT" NUMBER(2,2), 
	"MANAGER_ID" NUMBER(6,0), 
	"DEPARTMENT_ID" NUMBER(4,0)
   ) SEGMENT CREATION IMMEDIATE 
  PCTFREE 10 PCTUSED 40 INITRANS 1 MAXTRANS 255 NOCOMPRESS LOGGING
  STORAGE(INITIAL 65536 NEXT 1048576 MINEXTENTS 1 MAXEXTENTS 2147483645
  PCTINCREASE 0 FREELISTS 1 FREELIST GROUPS 1 BUFFER_POOL DEFAULT FLASH_CACHE DEFAULT CELL_FLASH_CACHE DEFAULT)
  TABLESPACE "USERS" ;

   COMMENT ON COLUMN "HR"."EMPLOYEES"."EMPLOYEE_ID" IS 'Primary key of employees table.';
   COMMENT ON COLUMN "HR"."EMPLOYEES"."FIRST_NAME" IS 'First name of the employee. A not null column.';
   COMMENT ON COLUMN "HR"."EMPLOYEES"."LAST_NAME" IS 'Last name of the employee. A not null column.';
   COMMENT ON COLUMN "HR"."EMPLOYEES"."EMAIL" IS 'Email id of the employee';
   COMMENT ON COLUMN "HR"."EMPLOYEES"."PHONE_NUMBER" IS 'Phone number of the employee; includes country code and area code';
   COMMENT ON COLUMN "HR"."EMPLOYEES"."HIRE_DATE" IS 'Date when the employee started on this job. A not null column.';
   COMMENT ON COLUMN "HR"."EMPLOYEES"."JOB_ID" IS 'Current job of the employee; foreign key to job_id column of the
jobs table. A not null column.';
   COMMENT ON COLUMN "HR"."EMPLOYEES"."SALARY" IS 'Monthly salary of the employee. Must be greater
than zero (enforced by constraint emp_salary_min)';
   COMMENT ON COLUMN "HR"."EMPLOYEES"."COMMISSION_PCT" IS 'Commission percentage of the employee; Only employees in sales
department elgible for commission percentage';
   COMMENT ON COLUMN "HR"."EMPLOYEES"."MANAGER_ID" IS 'Manager id of the employee; has same domain as manager_id in
departments table. Foreign key to employee_id column of employees table.
(useful for reflexive joins and CONNECT BY query)';
   COMMENT ON COLUMN "HR"."EMPLOYEES"."DEPARTMENT_ID" IS 'Department id where employee works; foreign key to department_id
column of the departments table';
   COMMENT ON TABLE "HR"."EMPLOYEES"  IS 'employees table. Contains 107 rows. References with departments,
jobs, job_history tables. Contains a self reference.';
--------------------------------------------------------
--  DDL for Table JOB_HISTORY
--------------------------------------------------------

  CREATE TABLE "HR"."JOB_HISTORY" 
   (	"EMPLOYEE_ID" NUMBER(6,0), 
	"START_DATE" DATE, 
	"END_DATE" DATE, 
	"JOB_ID" VARCHAR2(10 BYTE), 
	"DEPARTMENT_ID" NUMBER(4,0)
   ) SEGMENT CREATION IMMEDIATE 
  PCTFREE 10 PCTUSED 40 INITRANS 1 MAXTRANS 255 NOCOMPRESS LOGGING
  STORAGE(INITIAL 65536 NEXT 1048576 MINEXTENTS 1 MAXEXTENTS 2147483645
  PCTINCREASE 0 FREELISTS 1 FREELIST GROUPS 1 BUFFER_POOL DEFAULT FLASH_CACHE DEFAULT CELL_FLASH_CACHE DEFAULT)
  TABLESPACE "USERS" ;

   COMMENT ON COLUMN "HR"."JOB_HISTORY"."EMPLOYEE_ID" IS 'A not null column in the complex primary key employee_id+start_date.
Foreign key to employee_id column of the employee table';
   COMMENT ON COLUMN "HR"."JOB_HISTORY"."START_DATE" IS 'A not null column in the complex primary key employee_id+start_date.
Must be less than the end_date of the job_history table. (enforced by
constraint jhist_date_interval)';
   COMMENT ON COLUMN "HR"."JOB_HISTORY"."END_DATE" IS 'Last day of the employee in this job role. A not null column. Must be
greater than the start_date of the job_history table.
(enforced by constraint jhist_date_interval)';
   COMMENT ON COLUMN "HR"."JOB_HISTORY"."JOB_ID" IS 'Job role in which the employee worked in the past; foreign key to
job_id column in the jobs table. A not null column.';
   COMMENT ON COLUMN "HR"."JOB_HISTORY"."DEPARTMENT_ID" IS 'Department id in which the employee worked in the past; foreign key to deparment_id column in the departments table';
   COMMENT ON TABLE "HR"."JOB_HISTORY"  IS 'Table that stores job history of the employees. If an employee
changes departments within the job or changes jobs within the department,
new rows get inserted into this table with old job information of the
employee. Contains a complex primary key: employee_id+start_date.
Contains 25 rows. References with jobs, employees, and departments tables.';
--------------------------------------------------------
--  DDL for Table JOBS
--------------------------------------------------------

  CREATE TABLE "HR"."JOBS" 
   (	"JOB_ID" VARCHAR2(10 BYTE), 
	"JOB_TITLE" VARCHAR2(35 BYTE), 
	"MIN_SALARY" NUMBER(6,0), 
	"MAX_SALARY" NUMBER(6,0)
   ) SEGMENT CREATION IMMEDIATE 
  PCTFREE 10 PCTUSED 40 INITRANS 1 MAXTRANS 255 NOCOMPRESS LOGGING
  STORAGE(INITIAL 65536 NEXT 1048576 MINEXTENTS 1 MAXEXTENTS 2147483645
  PCTINCREASE 0 FREELISTS 1 FREELIST GROUPS 1 BUFFER_POOL DEFAULT FLASH_CACHE DEFAULT CELL_FLASH_CACHE DEFAULT)
  TABLESPACE "USERS" ;

   COMMENT ON COLUMN "HR"."JOBS"."JOB_ID" IS 'Primary key of jobs table.';
   COMMENT ON COLUMN "HR"."JOBS"."JOB_TITLE" IS 'A not null column that shows job title, e.g. AD_VP, FI_ACCOUNTANT';
   COMMENT ON COLUMN "HR"."JOBS"."MIN_SALARY" IS 'Minimum salary for a job title.';
   COMMENT ON COLUMN "HR"."JOBS"."MAX_SALARY" IS 'Maximum salary for a job title';
   COMMENT ON TABLE "HR"."JOBS"  IS 'jobs table with job titles and salary ranges. Contains 19 rows.
References with employees and job_history table.';
--------------------------------------------------------
--  DDL for Table LOCATIONS
--------------------------------------------------------

  CREATE TABLE "HR"."LOCATIONS" 
   (	"LOCATION_ID" NUMBER(4,0), 
	"STREET_ADDRESS" VARCHAR2(40 BYTE), 
	"POSTAL_CODE" VARCHAR2(12 BYTE), 
	"CITY" VARCHAR2(30 BYTE), 
	"STATE_PROVINCE" VARCHAR2(25 BYTE), 
	"COUNTRY_ID" CHAR(2 BYTE)
   ) SEGMENT CREATION IMMEDIATE 
  PCTFREE 10 PCTUSED 40 INITRANS 1 MAXTRANS 255 NOCOMPRESS LOGGING
  STORAGE(INITIAL 65536 NEXT 1048576 MINEXTENTS 1 MAXEXTENTS 2147483645
  PCTINCREASE 0 FREELISTS 1 FREELIST GROUPS 1 BUFFER_POOL DEFAULT FLASH_CACHE DEFAULT CELL_FLASH_CACHE DEFAULT)
  TABLESPACE "USERS" ;

   COMMENT ON COLUMN "HR"."LOCATIONS"."LOCATION_ID" IS 'Primary key of locations table';
   COMMENT ON COLUMN "HR"."LOCATIONS"."STREET_ADDRESS" IS 'Street address of an office, warehouse, or production site of a company.
Contains building number and street name';
   COMMENT ON COLUMN "HR"."LOCATIONS"."POSTAL_CODE" IS 'Postal code of the location of an office, warehouse, or production site
of a company. ';
   COMMENT ON COLUMN "HR"."LOCATIONS"."CITY" IS 'A not null column that shows city where an office, warehouse, or
production site of a company is located. ';
   COMMENT ON COLUMN "HR"."LOCATIONS"."STATE_PROVINCE" IS 'State or Province where an office, warehouse, or production site of a
company is located.';
   COMMENT ON COLUMN "HR"."LOCATIONS"."COUNTRY_ID" IS 'Country where an office, warehouse, or production site of a company is
located. Foreign key to country_id column of the countries table.';
   COMMENT ON TABLE "HR"."LOCATIONS"  IS 'Locations table that contains specific address of a specific office,
warehouse, and/or production site of a company. Does not store addresses /
locations of customers. Contains 23 rows; references with the
departments and countries tables. ';
--------------------------------------------------------
--  DDL for Table MEMBER
--------------------------------------------------------

  CREATE TABLE "HR"."MEMBER" 
   (	"NAME" VARCHAR2(20 BYTE), 
	"EMAIL" VARCHAR2(30 BYTE), 
	"PW" VARCHAR2(10 BYTE), 
	"NUM1" NUMBER(10,0), 
	"AGE" NUMBER(10,0), 
	"PHONE" VARCHAR2(11 BYTE), 
	"ADDRESS" VARCHAR2(150 BYTE)
   ) SEGMENT CREATION IMMEDIATE 
  PCTFREE 10 PCTUSED 40 INITRANS 1 MAXTRANS 255 NOCOMPRESS LOGGING
  STORAGE(INITIAL 65536 NEXT 1048576 MINEXTENTS 1 MAXEXTENTS 2147483645
  PCTINCREASE 0 FREELISTS 1 FREELIST GROUPS 1 BUFFER_POOL DEFAULT FLASH_CACHE DEFAULT CELL_FLASH_CACHE DEFAULT)
  TABLESPACE "USERS" ;
--------------------------------------------------------
--  DDL for Table MEMBER11
--------------------------------------------------------

  CREATE TABLE "HR"."MEMBER11" 
   (	"ID" VARCHAR2(20 BYTE), 
	"PW" VARCHAR2(20 BYTE), 
	"EMAIL" VARCHAR2(20 BYTE), 
	"NAME" VARCHAR2(20 BYTE), 
	"NUM1" VARCHAR2(14 BYTE), 
	"YEARS" NUMBER(*,0), 
	"MONTH" NUMBER(*,0), 
	"DAY" NUMBER(*,0), 
	"INTER" VARCHAR2(100 BYTE), 
	"SELF" VARCHAR2(100 BYTE)
   ) SEGMENT CREATION IMMEDIATE 
  PCTFREE 10 PCTUSED 40 INITRANS 1 MAXTRANS 255 NOCOMPRESS LOGGING
  STORAGE(INITIAL 65536 NEXT 1048576 MINEXTENTS 1 MAXEXTENTS 2147483645
  PCTINCREASE 0 FREELISTS 1 FREELIST GROUPS 1 BUFFER_POOL DEFAULT FLASH_CACHE DEFAULT CELL_FLASH_CACHE DEFAULT)
  TABLESPACE "USERS" ;
--------------------------------------------------------
--  DDL for Table MENU
--------------------------------------------------------

  CREATE TABLE "HR"."MENU" 
   (	"MAJORNAME" VARCHAR2(20 BYTE), 
	"MINORNAME" VARCHAR2(20 BYTE), 
	"CATEGORYNAME" VARCHAR2(20 BYTE), 
	"CATEGORYCODE" VARCHAR2(20 BYTE)
   ) SEGMENT CREATION IMMEDIATE 
  PCTFREE 10 PCTUSED 40 INITRANS 1 MAXTRANS 255 NOCOMPRESS LOGGING
  STORAGE(INITIAL 65536 NEXT 1048576 MINEXTENTS 1 MAXEXTENTS 2147483645
  PCTINCREASE 0 FREELISTS 1 FREELIST GROUPS 1 BUFFER_POOL DEFAULT FLASH_CACHE DEFAULT CELL_FLASH_CACHE DEFAULT)
  TABLESPACE "USERS" ;
--------------------------------------------------------
--  DDL for Table MVC_BOARD
--------------------------------------------------------

  CREATE TABLE "HR"."MVC_BOARD" 
   (	"BID" NUMBER(4,0), 
	"BNAME" VARCHAR2(20 BYTE), 
	"BTITLE" VARCHAR2(100 BYTE), 
	"BCONNECT" VARCHAR2(300 BYTE), 
	"BDATE" DATE DEFAULT sysdate, 
	"BHIT" NUMBER(4,0) DEFAULT 0, 
	"BGROUP" NUMBER(4,0), 
	"BSTEP" NUMBER(4,0), 
	"BINDENT" NUMBER(4,0)
   ) SEGMENT CREATION IMMEDIATE 
  PCTFREE 10 PCTUSED 40 INITRANS 1 MAXTRANS 255 NOCOMPRESS LOGGING
  STORAGE(INITIAL 65536 NEXT 1048576 MINEXTENTS 1 MAXEXTENTS 2147483645
  PCTINCREASE 0 FREELISTS 1 FREELIST GROUPS 1 BUFFER_POOL DEFAULT FLASH_CACHE DEFAULT CELL_FLASH_CACHE DEFAULT)
  TABLESPACE "USERS" ;
--------------------------------------------------------
--  DDL for Table NAVER
--------------------------------------------------------

  CREATE TABLE "HR"."NAVER" 
   (	"ID" VARCHAR2(20 BYTE), 
	"AGE" VARCHAR2(20 BYTE), 
	"NAME" VARCHAR2(20 BYTE), 
	"EMAIL" VARCHAR2(20 BYTE), 
	"PHONE" VARCHAR2(20 BYTE)
   ) SEGMENT CREATION IMMEDIATE 
  PCTFREE 10 PCTUSED 40 INITRANS 1 MAXTRANS 255 NOCOMPRESS LOGGING
  STORAGE(INITIAL 65536 NEXT 1048576 MINEXTENTS 1 MAXEXTENTS 2147483645
  PCTINCREASE 0 FREELISTS 1 FREELIST GROUPS 1 BUFFER_POOL DEFAULT FLASH_CACHE DEFAULT CELL_FLASH_CACHE DEFAULT)
  TABLESPACE "USERS" ;
--------------------------------------------------------
--  DDL for Table OPTION1
--------------------------------------------------------

  CREATE TABLE "HR"."OPTION1" 
   (	"PRODUCTNUMBER" NUMBER(20,0), 
	"MAJORNAME" VARCHAR2(40 BYTE), 
	"MAJORNUMBER" NUMBER(1,0), 
	"MINORNUMBER" NUMBER(2,0), 
	"MINORNAME" VARCHAR2(40 BYTE), 
	"MINORIMG" VARCHAR2(40 BYTE), 
	"MINORPRICE" NUMBER(10,0), 
	"MINORSTOCK" NUMBER(4,0), 
	"PAMAJORNUMBER" NUMBER(1,0), 
	"PAMINORNUMBER" NUMBER(2,0)
   ) SEGMENT CREATION IMMEDIATE 
  PCTFREE 10 PCTUSED 40 INITRANS 1 MAXTRANS 255 NOCOMPRESS LOGGING
  STORAGE(INITIAL 65536 NEXT 1048576 MINEXTENTS 1 MAXEXTENTS 2147483645
  PCTINCREASE 0 FREELISTS 1 FREELIST GROUPS 1 BUFFER_POOL DEFAULT FLASH_CACHE DEFAULT CELL_FLASH_CACHE DEFAULT)
  TABLESPACE "USERS" ;
--------------------------------------------------------
--  DDL for Table ORDERLIST
--------------------------------------------------------

  CREATE TABLE "HR"."ORDERLIST" 
   (	"ORDERID" VARCHAR2(40 BYTE), 
	"BUYER" VARCHAR2(30 BYTE), 
	"SELLER" VARCHAR2(30 BYTE), 
	"PRODUCTNUMBER" NUMBER(10,0), 
	"COUPON" VARCHAR2(1 BYTE), 
	"PRICE" NUMBER(10,0), 
	"OPTIONS" VARCHAR2(50 BYTE), 
	"AMOUNT" NUMBER(4,0), 
	"STATUS" VARCHAR2(4 CHAR)
   ) SEGMENT CREATION IMMEDIATE 
  PCTFREE 10 PCTUSED 40 INITRANS 1 MAXTRANS 255 NOCOMPRESS LOGGING
  STORAGE(INITIAL 65536 NEXT 1048576 MINEXTENTS 1 MAXEXTENTS 2147483645
  PCTINCREASE 0 FREELISTS 1 FREELIST GROUPS 1 BUFFER_POOL DEFAULT FLASH_CACHE DEFAULT CELL_FLASH_CACHE DEFAULT)
  TABLESPACE "USERS" ;
--------------------------------------------------------
--  DDL for Table PRODUCT
--------------------------------------------------------

  CREATE TABLE "HR"."PRODUCT" 
   (	"PRODUCTNUMBER" NUMBER(10,0), 
	"BRANDNAME" VARCHAR2(20 BYTE), 
	"MODELNUMBER" VARCHAR2(7 BYTE), 
	"MODELNAME" VARCHAR2(60 BYTE), 
	"COUPON" VARCHAR2(1 BYTE), 
	"PRICE" NUMBER(10,0), 
	"DISCOUNTRATE" NUMBER(3,2), 
	"RATING" NUMBER(3,2), 
	"IMGADDR1" VARCHAR2(50 BYTE), 
	"IMGADDR2" VARCHAR2(50 BYTE), 
	"IMGADDR3" VARCHAR2(50 BYTE), 
	"IMGADDR4" VARCHAR2(50 BYTE), 
	"IMGADDR5" VARCHAR2(50 BYTE), 
	"DELIVERYPERIOD" NUMBER(2,0), 
	"CATEGORYCODE" VARCHAR2(20 BYTE), 
	"SELLEREMAIL" VARCHAR2(20 BYTE)
   ) SEGMENT CREATION IMMEDIATE 
  PCTFREE 10 PCTUSED 40 INITRANS 1 MAXTRANS 255 NOCOMPRESS LOGGING
  STORAGE(INITIAL 65536 NEXT 1048576 MINEXTENTS 1 MAXEXTENTS 2147483645
  PCTINCREASE 0 FREELISTS 1 FREELIST GROUPS 1 BUFFER_POOL DEFAULT FLASH_CACHE DEFAULT CELL_FLASH_CACHE DEFAULT)
  TABLESPACE "USERS" ;
--------------------------------------------------------
--  DDL for Table PURCHASEHISTORY
--------------------------------------------------------

  CREATE TABLE "HR"."PURCHASEHISTORY" 
   (	"PRODUCTNUMBER" NUMBER(10,0), 
	"BRANDNAME" VARCHAR2(20 BYTE), 
	"MODELNUMBER" VARCHAR2(7 BYTE), 
	"MODELNAME" VARCHAR2(60 BYTE), 
	"COUPON" VARCHAR2(1 BYTE), 
	"FULLPRICE" NUMBER(10,0), 
	"DISCOUNTRATE" NUMBER(3,2), 
	"RATING" NUMBER(2,1), 
	"DELIVERYPERIOD" NUMBER(2,0), 
	"CATEGORYCODE" NUMBER(10,0), 
	"PURCHASEDATE" DATE
   ) SEGMENT CREATION IMMEDIATE 
  PCTFREE 10 PCTUSED 40 INITRANS 1 MAXTRANS 255 NOCOMPRESS LOGGING
  STORAGE(INITIAL 65536 NEXT 1048576 MINEXTENTS 1 MAXEXTENTS 2147483645
  PCTINCREASE 0 FREELISTS 1 FREELIST GROUPS 1 BUFFER_POOL DEFAULT FLASH_CACHE DEFAULT CELL_FLASH_CACHE DEFAULT)
  TABLESPACE "USERS" ;
--------------------------------------------------------
--  DDL for Table REGIONS
--------------------------------------------------------

  CREATE TABLE "HR"."REGIONS" 
   (	"REGION_ID" NUMBER, 
	"REGION_NAME" VARCHAR2(25 BYTE)
   ) SEGMENT CREATION IMMEDIATE 
  PCTFREE 10 PCTUSED 40 INITRANS 1 MAXTRANS 255 NOCOMPRESS LOGGING
  STORAGE(INITIAL 65536 NEXT 1048576 MINEXTENTS 1 MAXEXTENTS 2147483645
  PCTINCREASE 0 FREELISTS 1 FREELIST GROUPS 1 BUFFER_POOL DEFAULT FLASH_CACHE DEFAULT CELL_FLASH_CACHE DEFAULT)
  TABLESPACE "USERS" ;
REM INSERTING into HR.ADMINMENU
SET DEFINE OFF;
Insert into HR.ADMINMENU (MAJORNAME,NAME,URL) values ('고객 관리','고객 조회','member-lookup.ad');
Insert into HR.ADMINMENU (MAJORNAME,NAME,URL) values ('고객 관리','고객 관리','.ad');
Insert into HR.ADMINMENU (MAJORNAME,NAME,URL) values ('상품 관리','카테고리 관리','manage-category.ad');
Insert into HR.ADMINMENU (MAJORNAME,NAME,URL) values ('고객 관리','1:1문의','member-question.ad');
Insert into HR.ADMINMENU (MAJORNAME,NAME,URL) values ('상품 관리','판매 현황','purchase-history.ad');
Insert into HR.ADMINMENU (MAJORNAME,NAME,URL) values ('상품 관리','상품 조회','lookup-product.ad');
REM INSERTING into HR.BOARD
SET DEFINE OFF;
Insert into HR.BOARD (BOARD_NUM,BOARD_NAME,BOARD_PASS,BOARD_SUBJECT,BOARD_CONTENT,BOARD_FILE,BOARD_RE_REF,BOARD_RE_LEV,BOARD_RE_SEQ,BOARD_READCOUNT,BOARD_DATE) values (3,'admin','1234','1234aaㅁㅁ','ㅁㅁ',null,3,0,0,1,to_date('19/04/26','RR/MM/DD'));
Insert into HR.BOARD (BOARD_NUM,BOARD_NAME,BOARD_PASS,BOARD_SUBJECT,BOARD_CONTENT,BOARD_FILE,BOARD_RE_REF,BOARD_RE_LEV,BOARD_RE_SEQ,BOARD_READCOUNT,BOARD_DATE) values (2,'admin','1234','비번은1234','맞아용',null,2,0,0,2,to_date('19/04/26','RR/MM/DD'));
Insert into HR.BOARD (BOARD_NUM,BOARD_NAME,BOARD_PASS,BOARD_SUBJECT,BOARD_CONTENT,BOARD_FILE,BOARD_RE_REF,BOARD_RE_LEV,BOARD_RE_SEQ,BOARD_READCOUNT,BOARD_DATE) values (4,'admin','1234','ddaaㅁㅁ','ㅁㅁdd',null,4,0,0,1,to_date('19/04/26','RR/MM/DD'));
Insert into HR.BOARD (BOARD_NUM,BOARD_NAME,BOARD_PASS,BOARD_SUBJECT,BOARD_CONTENT,BOARD_FILE,BOARD_RE_REF,BOARD_RE_LEV,BOARD_RE_SEQ,BOARD_READCOUNT,BOARD_DATE) values (6,'asdf','1234','1234','1234sssssㄴㄴㄴ',null,6,0,0,1,to_date('19/04/26','RR/MM/DD'));
Insert into HR.BOARD (BOARD_NUM,BOARD_NAME,BOARD_PASS,BOARD_SUBJECT,BOARD_CONTENT,BOARD_FILE,BOARD_RE_REF,BOARD_RE_LEV,BOARD_RE_SEQ,BOARD_READCOUNT,BOARD_DATE) values (7,'asdf','1234','안녕안녕','as',null,7,0,0,2,to_date('19/04/26','RR/MM/DD'));
Insert into HR.BOARD (BOARD_NUM,BOARD_NAME,BOARD_PASS,BOARD_SUBJECT,BOARD_CONTENT,BOARD_FILE,BOARD_RE_REF,BOARD_RE_LEV,BOARD_RE_SEQ,BOARD_READCOUNT,BOARD_DATE) values (5,'admin','1234','asdㅁㄴㅇ','ㅁㄴㅇasd',null,5,0,0,3,to_date('19/04/26','RR/MM/DD'));
Insert into HR.BOARD (BOARD_NUM,BOARD_NAME,BOARD_PASS,BOARD_SUBJECT,BOARD_CONTENT,BOARD_FILE,BOARD_RE_REF,BOARD_RE_LEV,BOARD_RE_SEQ,BOARD_READCOUNT,BOARD_DATE) values (9,'admin',null,null,null,null,9,0,0,2,to_date('19/04/26','RR/MM/DD'));
Insert into HR.BOARD (BOARD_NUM,BOARD_NAME,BOARD_PASS,BOARD_SUBJECT,BOARD_CONTENT,BOARD_FILE,BOARD_RE_REF,BOARD_RE_LEV,BOARD_RE_SEQ,BOARD_READCOUNT,BOARD_DATE) values (1,'admin','1234','111','111',null,1,0,0,1,to_date('19/04/26','RR/MM/DD'));
REM INSERTING into HR.CODEXBRAND
SET DEFINE OFF;
Insert into HR.CODEXBRAND (BRANDNAME,BRANDCODE) values ('nike',1);
Insert into HR.CODEXBRAND (BRANDNAME,BRANDCODE) values ('꾸즈',2);
Insert into HR.CODEXBRAND (BRANDNAME,BRANDCODE) values ('쉬즈미스',3);
Insert into HR.CODEXBRAND (BRANDNAME,BRANDCODE) values ('엠씨',4);
Insert into HR.CODEXBRAND (BRANDNAME,BRANDCODE) values ('레노마',5);
Insert into HR.CODEXBRAND (BRANDNAME,BRANDCODE) values ('올리브데올리브',6);
Insert into HR.CODEXBRAND (BRANDNAME,BRANDCODE) values ('엠메부띠끄',7);
Insert into HR.CODEXBRAND (BRANDNAME,BRANDCODE) values ('플라스틱 아일랜드',8);
Insert into HR.CODEXBRAND (BRANDNAME,BRANDCODE) values ('체리코코',9);
REM INSERTING into HR.COUNTRIES
SET DEFINE OFF;
Insert into HR.COUNTRIES (COUNTRY_ID,COUNTRY_NAME,REGION_ID) values ('AR','Argentina',2);
Insert into HR.COUNTRIES (COUNTRY_ID,COUNTRY_NAME,REGION_ID) values ('AU','Australia',3);
Insert into HR.COUNTRIES (COUNTRY_ID,COUNTRY_NAME,REGION_ID) values ('BE','Belgium',1);
Insert into HR.COUNTRIES (COUNTRY_ID,COUNTRY_NAME,REGION_ID) values ('BR','Brazil',2);
Insert into HR.COUNTRIES (COUNTRY_ID,COUNTRY_NAME,REGION_ID) values ('CA','Canada',2);
Insert into HR.COUNTRIES (COUNTRY_ID,COUNTRY_NAME,REGION_ID) values ('CH','Switzerland',1);
Insert into HR.COUNTRIES (COUNTRY_ID,COUNTRY_NAME,REGION_ID) values ('CN','China',3);
Insert into HR.COUNTRIES (COUNTRY_ID,COUNTRY_NAME,REGION_ID) values ('DE','Germany',1);
Insert into HR.COUNTRIES (COUNTRY_ID,COUNTRY_NAME,REGION_ID) values ('DK','Denmark',1);
Insert into HR.COUNTRIES (COUNTRY_ID,COUNTRY_NAME,REGION_ID) values ('EG','Egypt',4);
Insert into HR.COUNTRIES (COUNTRY_ID,COUNTRY_NAME,REGION_ID) values ('FR','France',1);
Insert into HR.COUNTRIES (COUNTRY_ID,COUNTRY_NAME,REGION_ID) values ('IL','Israel',4);
Insert into HR.COUNTRIES (COUNTRY_ID,COUNTRY_NAME,REGION_ID) values ('IN','India',3);
Insert into HR.COUNTRIES (COUNTRY_ID,COUNTRY_NAME,REGION_ID) values ('IT','Italy',1);
Insert into HR.COUNTRIES (COUNTRY_ID,COUNTRY_NAME,REGION_ID) values ('JP','Japan',3);
Insert into HR.COUNTRIES (COUNTRY_ID,COUNTRY_NAME,REGION_ID) values ('KW','Kuwait',4);
Insert into HR.COUNTRIES (COUNTRY_ID,COUNTRY_NAME,REGION_ID) values ('ML','Malaysia',3);
Insert into HR.COUNTRIES (COUNTRY_ID,COUNTRY_NAME,REGION_ID) values ('MX','Mexico',2);
Insert into HR.COUNTRIES (COUNTRY_ID,COUNTRY_NAME,REGION_ID) values ('NG','Nigeria',4);
Insert into HR.COUNTRIES (COUNTRY_ID,COUNTRY_NAME,REGION_ID) values ('NL','Netherlands',1);
Insert into HR.COUNTRIES (COUNTRY_ID,COUNTRY_NAME,REGION_ID) values ('SG','Singapore',3);
Insert into HR.COUNTRIES (COUNTRY_ID,COUNTRY_NAME,REGION_ID) values ('UK','United Kingdom',1);
Insert into HR.COUNTRIES (COUNTRY_ID,COUNTRY_NAME,REGION_ID) values ('US','United States of America',2);
Insert into HR.COUNTRIES (COUNTRY_ID,COUNTRY_NAME,REGION_ID) values ('ZM','Zambia',4);
Insert into HR.COUNTRIES (COUNTRY_ID,COUNTRY_NAME,REGION_ID) values ('ZW','Zimbabwe',4);
REM INSERTING into HR.CUSBOARD
SET DEFINE OFF;
Insert into HR.CUSBOARD (NAME,TITLE,CON) values ('1','das','ddddd');
Insert into HR.CUSBOARD (NAME,TITLE,CON) values ('2','qqqqq','fqfqfqfqqf');
Insert into HR.CUSBOARD (NAME,TITLE,CON) values ('3','fffff','qweqeweq');
Insert into HR.CUSBOARD (NAME,TITLE,CON) values ('1','한글','되어줘ㅠㅠ');
REM INSERTING into HR.DEPARTMENTS
SET DEFINE OFF;
Insert into HR.DEPARTMENTS (DEPARTMENT_ID,DEPARTMENT_NAME,MANAGER_ID,LOCATION_ID) values (10,'Administration',200,1700);
Insert into HR.DEPARTMENTS (DEPARTMENT_ID,DEPARTMENT_NAME,MANAGER_ID,LOCATION_ID) values (20,'Marketing',201,1800);
Insert into HR.DEPARTMENTS (DEPARTMENT_ID,DEPARTMENT_NAME,MANAGER_ID,LOCATION_ID) values (30,'Purchasing',114,1700);
Insert into HR.DEPARTMENTS (DEPARTMENT_ID,DEPARTMENT_NAME,MANAGER_ID,LOCATION_ID) values (40,'Human Resources',203,2400);
Insert into HR.DEPARTMENTS (DEPARTMENT_ID,DEPARTMENT_NAME,MANAGER_ID,LOCATION_ID) values (50,'Shipping',121,1500);
Insert into HR.DEPARTMENTS (DEPARTMENT_ID,DEPARTMENT_NAME,MANAGER_ID,LOCATION_ID) values (60,'IT',103,1400);
Insert into HR.DEPARTMENTS (DEPARTMENT_ID,DEPARTMENT_NAME,MANAGER_ID,LOCATION_ID) values (70,'Public Relations',204,2700);
Insert into HR.DEPARTMENTS (DEPARTMENT_ID,DEPARTMENT_NAME,MANAGER_ID,LOCATION_ID) values (80,'Sales',145,2500);
Insert into HR.DEPARTMENTS (DEPARTMENT_ID,DEPARTMENT_NAME,MANAGER_ID,LOCATION_ID) values (90,'Executive',100,1700);
Insert into HR.DEPARTMENTS (DEPARTMENT_ID,DEPARTMENT_NAME,MANAGER_ID,LOCATION_ID) values (100,'Finance',108,1700);
Insert into HR.DEPARTMENTS (DEPARTMENT_ID,DEPARTMENT_NAME,MANAGER_ID,LOCATION_ID) values (110,'Accounting',205,1700);
Insert into HR.DEPARTMENTS (DEPARTMENT_ID,DEPARTMENT_NAME,MANAGER_ID,LOCATION_ID) values (120,'Treasury',null,1700);
Insert into HR.DEPARTMENTS (DEPARTMENT_ID,DEPARTMENT_NAME,MANAGER_ID,LOCATION_ID) values (130,'Corporate Tax',null,1700);
Insert into HR.DEPARTMENTS (DEPARTMENT_ID,DEPARTMENT_NAME,MANAGER_ID,LOCATION_ID) values (140,'Control And Credit',null,1700);
Insert into HR.DEPARTMENTS (DEPARTMENT_ID,DEPARTMENT_NAME,MANAGER_ID,LOCATION_ID) values (150,'Shareholder Services',null,1700);
Insert into HR.DEPARTMENTS (DEPARTMENT_ID,DEPARTMENT_NAME,MANAGER_ID,LOCATION_ID) values (160,'Benefits',null,1700);
Insert into HR.DEPARTMENTS (DEPARTMENT_ID,DEPARTMENT_NAME,MANAGER_ID,LOCATION_ID) values (170,'Manufacturing',null,1700);
Insert into HR.DEPARTMENTS (DEPARTMENT_ID,DEPARTMENT_NAME,MANAGER_ID,LOCATION_ID) values (180,'Construction',null,1700);
Insert into HR.DEPARTMENTS (DEPARTMENT_ID,DEPARTMENT_NAME,MANAGER_ID,LOCATION_ID) values (190,'Contracting',null,1700);
Insert into HR.DEPARTMENTS (DEPARTMENT_ID,DEPARTMENT_NAME,MANAGER_ID,LOCATION_ID) values (200,'Operations',null,1700);
Insert into HR.DEPARTMENTS (DEPARTMENT_ID,DEPARTMENT_NAME,MANAGER_ID,LOCATION_ID) values (210,'IT Support',null,1700);
Insert into HR.DEPARTMENTS (DEPARTMENT_ID,DEPARTMENT_NAME,MANAGER_ID,LOCATION_ID) values (220,'NOC',null,1700);
Insert into HR.DEPARTMENTS (DEPARTMENT_ID,DEPARTMENT_NAME,MANAGER_ID,LOCATION_ID) values (230,'IT Helpdesk',null,1700);
Insert into HR.DEPARTMENTS (DEPARTMENT_ID,DEPARTMENT_NAME,MANAGER_ID,LOCATION_ID) values (240,'Government Sales',null,1700);
Insert into HR.DEPARTMENTS (DEPARTMENT_ID,DEPARTMENT_NAME,MANAGER_ID,LOCATION_ID) values (250,'Retail Sales',null,1700);
Insert into HR.DEPARTMENTS (DEPARTMENT_ID,DEPARTMENT_NAME,MANAGER_ID,LOCATION_ID) values (260,'Recruiting',null,1700);
Insert into HR.DEPARTMENTS (DEPARTMENT_ID,DEPARTMENT_NAME,MANAGER_ID,LOCATION_ID) values (270,'Payroll',null,1700);
REM INSERTING into HR.DIEDIE
SET DEFINE OFF;
Insert into HR.DIEDIE (EMAIL,PRODUCT,TITLE,SUBJECT,PHONE,REPLE,ID) values ('805sm@naver.com',null,'ㅇㅇㅇㅇㅂㅂ','ㅇㅂㅇㅂ','아직 없어요 ㅠ',null,'6549277');
Insert into HR.DIEDIE (EMAIL,PRODUCT,TITLE,SUBJECT,PHONE,REPLE,ID) values ('null',null,'fff','qweer','아직 없어요 ㅠ',null,'6549277');
Insert into HR.DIEDIE (EMAIL,PRODUCT,TITLE,SUBJECT,PHONE,REPLE,ID) values ('null',null,'rr','rrrr','아직 없어요 ㅠ',null,'6549277');
Insert into HR.DIEDIE (EMAIL,PRODUCT,TITLE,SUBJECT,PHONE,REPLE,ID) values ('null',null,'ge','ge','아직 없어요 ㅠ',null,'6549277');
Insert into HR.DIEDIE (EMAIL,PRODUCT,TITLE,SUBJECT,PHONE,REPLE,ID) values ('null 수신 확인 : Y',null,'fwfw','qqwer','아직 없어요 ㅠ 수신 확인 : N',null,'6549277');
Insert into HR.DIEDIE (EMAIL,PRODUCT,TITLE,SUBJECT,PHONE,REPLE,ID) values ('null 수신 확인 : N',null,'1123123','ㄴㅁㅇㅁㅇㄴㅁㅇㅁㄴ상품 외 문의!','null 수신 확인 : N',null,'yiirak@hanmail.net');
Insert into HR.DIEDIE (EMAIL,PRODUCT,TITLE,SUBJECT,PHONE,REPLE,ID) values ('null 수신 확인 : N',null,'아니','빨리보내요 ㅠㅠ상품 외 문의!','null 수신 확인 : N',null,'yiirak@hanmail.net');
REM INSERTING into HR.EMPLOYEES
SET DEFINE OFF;
Insert into HR.EMPLOYEES (EMPLOYEE_ID,FIRST_NAME,LAST_NAME,EMAIL,PHONE_NUMBER,HIRE_DATE,JOB_ID,SALARY,COMMISSION_PCT,MANAGER_ID,DEPARTMENT_ID) values (100,'Steven','King','SKING','515.123.4567',to_date('03/06/17','RR/MM/DD'),'AD_PRES',24000,null,null,90);
Insert into HR.EMPLOYEES (EMPLOYEE_ID,FIRST_NAME,LAST_NAME,EMAIL,PHONE_NUMBER,HIRE_DATE,JOB_ID,SALARY,COMMISSION_PCT,MANAGER_ID,DEPARTMENT_ID) values (101,'Neena','Kochhar','NKOCHHAR','515.123.4568',to_date('05/09/21','RR/MM/DD'),'AD_VP',17000,null,100,90);
Insert into HR.EMPLOYEES (EMPLOYEE_ID,FIRST_NAME,LAST_NAME,EMAIL,PHONE_NUMBER,HIRE_DATE,JOB_ID,SALARY,COMMISSION_PCT,MANAGER_ID,DEPARTMENT_ID) values (102,'Lex','De Haan','LDEHAAN','515.123.4569',to_date('01/01/13','RR/MM/DD'),'AD_VP',17000,null,100,90);
Insert into HR.EMPLOYEES (EMPLOYEE_ID,FIRST_NAME,LAST_NAME,EMAIL,PHONE_NUMBER,HIRE_DATE,JOB_ID,SALARY,COMMISSION_PCT,MANAGER_ID,DEPARTMENT_ID) values (103,'Alexander','Hunold','AHUNOLD','590.423.4567',to_date('06/01/03','RR/MM/DD'),'IT_PROG',9000,null,102,60);
Insert into HR.EMPLOYEES (EMPLOYEE_ID,FIRST_NAME,LAST_NAME,EMAIL,PHONE_NUMBER,HIRE_DATE,JOB_ID,SALARY,COMMISSION_PCT,MANAGER_ID,DEPARTMENT_ID) values (104,'Bruce','Ernst','BERNST','590.423.4568',to_date('07/05/21','RR/MM/DD'),'IT_PROG',6000,null,103,60);
Insert into HR.EMPLOYEES (EMPLOYEE_ID,FIRST_NAME,LAST_NAME,EMAIL,PHONE_NUMBER,HIRE_DATE,JOB_ID,SALARY,COMMISSION_PCT,MANAGER_ID,DEPARTMENT_ID) values (105,'David','Austin','DAUSTIN','590.423.4569',to_date('05/06/25','RR/MM/DD'),'IT_PROG',4800,null,103,60);
Insert into HR.EMPLOYEES (EMPLOYEE_ID,FIRST_NAME,LAST_NAME,EMAIL,PHONE_NUMBER,HIRE_DATE,JOB_ID,SALARY,COMMISSION_PCT,MANAGER_ID,DEPARTMENT_ID) values (106,'Valli','Pataballa','VPATABAL','590.423.4560',to_date('06/02/05','RR/MM/DD'),'IT_PROG',4800,null,103,60);
Insert into HR.EMPLOYEES (EMPLOYEE_ID,FIRST_NAME,LAST_NAME,EMAIL,PHONE_NUMBER,HIRE_DATE,JOB_ID,SALARY,COMMISSION_PCT,MANAGER_ID,DEPARTMENT_ID) values (107,'Diana','Lorentz','DLORENTZ','590.423.5567',to_date('07/02/07','RR/MM/DD'),'IT_PROG',4200,null,103,60);
Insert into HR.EMPLOYEES (EMPLOYEE_ID,FIRST_NAME,LAST_NAME,EMAIL,PHONE_NUMBER,HIRE_DATE,JOB_ID,SALARY,COMMISSION_PCT,MANAGER_ID,DEPARTMENT_ID) values (108,'Nancy','Greenberg','NGREENBE','515.124.4569',to_date('02/08/17','RR/MM/DD'),'FI_MGR',12008,null,101,100);
Insert into HR.EMPLOYEES (EMPLOYEE_ID,FIRST_NAME,LAST_NAME,EMAIL,PHONE_NUMBER,HIRE_DATE,JOB_ID,SALARY,COMMISSION_PCT,MANAGER_ID,DEPARTMENT_ID) values (109,'Daniel','Faviet','DFAVIET','515.124.4169',to_date('02/08/16','RR/MM/DD'),'FI_ACCOUNT',9000,null,108,100);
Insert into HR.EMPLOYEES (EMPLOYEE_ID,FIRST_NAME,LAST_NAME,EMAIL,PHONE_NUMBER,HIRE_DATE,JOB_ID,SALARY,COMMISSION_PCT,MANAGER_ID,DEPARTMENT_ID) values (110,'John','Chen','JCHEN','515.124.4269',to_date('05/09/28','RR/MM/DD'),'FI_ACCOUNT',8200,null,108,100);
Insert into HR.EMPLOYEES (EMPLOYEE_ID,FIRST_NAME,LAST_NAME,EMAIL,PHONE_NUMBER,HIRE_DATE,JOB_ID,SALARY,COMMISSION_PCT,MANAGER_ID,DEPARTMENT_ID) values (111,'Ismael','Sciarra','ISCIARRA','515.124.4369',to_date('05/09/30','RR/MM/DD'),'FI_ACCOUNT',7700,null,108,100);
Insert into HR.EMPLOYEES (EMPLOYEE_ID,FIRST_NAME,LAST_NAME,EMAIL,PHONE_NUMBER,HIRE_DATE,JOB_ID,SALARY,COMMISSION_PCT,MANAGER_ID,DEPARTMENT_ID) values (112,'Jose Manuel','Urman','JMURMAN','515.124.4469',to_date('06/03/07','RR/MM/DD'),'FI_ACCOUNT',7800,null,108,100);
Insert into HR.EMPLOYEES (EMPLOYEE_ID,FIRST_NAME,LAST_NAME,EMAIL,PHONE_NUMBER,HIRE_DATE,JOB_ID,SALARY,COMMISSION_PCT,MANAGER_ID,DEPARTMENT_ID) values (113,'Luis','Popp','LPOPP','515.124.4567',to_date('07/12/07','RR/MM/DD'),'FI_ACCOUNT',6900,null,108,100);
Insert into HR.EMPLOYEES (EMPLOYEE_ID,FIRST_NAME,LAST_NAME,EMAIL,PHONE_NUMBER,HIRE_DATE,JOB_ID,SALARY,COMMISSION_PCT,MANAGER_ID,DEPARTMENT_ID) values (114,'Den','Raphaely','DRAPHEAL','515.127.4561',to_date('02/12/07','RR/MM/DD'),'PU_MAN',11000,null,100,30);
Insert into HR.EMPLOYEES (EMPLOYEE_ID,FIRST_NAME,LAST_NAME,EMAIL,PHONE_NUMBER,HIRE_DATE,JOB_ID,SALARY,COMMISSION_PCT,MANAGER_ID,DEPARTMENT_ID) values (115,'Alexander','Khoo','AKHOO','515.127.4562',to_date('03/05/18','RR/MM/DD'),'PU_CLERK',3100,null,114,30);
Insert into HR.EMPLOYEES (EMPLOYEE_ID,FIRST_NAME,LAST_NAME,EMAIL,PHONE_NUMBER,HIRE_DATE,JOB_ID,SALARY,COMMISSION_PCT,MANAGER_ID,DEPARTMENT_ID) values (116,'Shelli','Baida','SBAIDA','515.127.4563',to_date('05/12/24','RR/MM/DD'),'PU_CLERK',2900,null,114,30);
Insert into HR.EMPLOYEES (EMPLOYEE_ID,FIRST_NAME,LAST_NAME,EMAIL,PHONE_NUMBER,HIRE_DATE,JOB_ID,SALARY,COMMISSION_PCT,MANAGER_ID,DEPARTMENT_ID) values (117,'Sigal','Tobias','STOBIAS','515.127.4564',to_date('05/07/24','RR/MM/DD'),'PU_CLERK',2800,null,114,30);
Insert into HR.EMPLOYEES (EMPLOYEE_ID,FIRST_NAME,LAST_NAME,EMAIL,PHONE_NUMBER,HIRE_DATE,JOB_ID,SALARY,COMMISSION_PCT,MANAGER_ID,DEPARTMENT_ID) values (118,'Guy','Himuro','GHIMURO','515.127.4565',to_date('06/11/15','RR/MM/DD'),'PU_CLERK',2600,null,114,30);
Insert into HR.EMPLOYEES (EMPLOYEE_ID,FIRST_NAME,LAST_NAME,EMAIL,PHONE_NUMBER,HIRE_DATE,JOB_ID,SALARY,COMMISSION_PCT,MANAGER_ID,DEPARTMENT_ID) values (119,'Karen','Colmenares','KCOLMENA','515.127.4566',to_date('07/08/10','RR/MM/DD'),'PU_CLERK',2500,null,114,30);
Insert into HR.EMPLOYEES (EMPLOYEE_ID,FIRST_NAME,LAST_NAME,EMAIL,PHONE_NUMBER,HIRE_DATE,JOB_ID,SALARY,COMMISSION_PCT,MANAGER_ID,DEPARTMENT_ID) values (120,'Matthew','Weiss','MWEISS','650.123.1234',to_date('04/07/18','RR/MM/DD'),'ST_MAN',8000,null,100,50);
Insert into HR.EMPLOYEES (EMPLOYEE_ID,FIRST_NAME,LAST_NAME,EMAIL,PHONE_NUMBER,HIRE_DATE,JOB_ID,SALARY,COMMISSION_PCT,MANAGER_ID,DEPARTMENT_ID) values (121,'Adam','Fripp','AFRIPP','650.123.2234',to_date('05/04/10','RR/MM/DD'),'ST_MAN',8200,null,100,50);
Insert into HR.EMPLOYEES (EMPLOYEE_ID,FIRST_NAME,LAST_NAME,EMAIL,PHONE_NUMBER,HIRE_DATE,JOB_ID,SALARY,COMMISSION_PCT,MANAGER_ID,DEPARTMENT_ID) values (122,'Payam','Kaufling','PKAUFLIN','650.123.3234',to_date('03/05/01','RR/MM/DD'),'ST_MAN',7900,null,100,50);
Insert into HR.EMPLOYEES (EMPLOYEE_ID,FIRST_NAME,LAST_NAME,EMAIL,PHONE_NUMBER,HIRE_DATE,JOB_ID,SALARY,COMMISSION_PCT,MANAGER_ID,DEPARTMENT_ID) values (123,'Shanta','Vollman','SVOLLMAN','650.123.4234',to_date('05/10/10','RR/MM/DD'),'ST_MAN',6500,null,100,50);
Insert into HR.EMPLOYEES (EMPLOYEE_ID,FIRST_NAME,LAST_NAME,EMAIL,PHONE_NUMBER,HIRE_DATE,JOB_ID,SALARY,COMMISSION_PCT,MANAGER_ID,DEPARTMENT_ID) values (124,'Kevin','Mourgos','KMOURGOS','650.123.5234',to_date('07/11/16','RR/MM/DD'),'ST_MAN',5800,null,100,50);
Insert into HR.EMPLOYEES (EMPLOYEE_ID,FIRST_NAME,LAST_NAME,EMAIL,PHONE_NUMBER,HIRE_DATE,JOB_ID,SALARY,COMMISSION_PCT,MANAGER_ID,DEPARTMENT_ID) values (125,'Julia','Nayer','JNAYER','650.124.1214',to_date('05/07/16','RR/MM/DD'),'ST_CLERK',3200,null,120,50);
Insert into HR.EMPLOYEES (EMPLOYEE_ID,FIRST_NAME,LAST_NAME,EMAIL,PHONE_NUMBER,HIRE_DATE,JOB_ID,SALARY,COMMISSION_PCT,MANAGER_ID,DEPARTMENT_ID) values (126,'Irene','Mikkilineni','IMIKKILI','650.124.1224',to_date('06/09/28','RR/MM/DD'),'ST_CLERK',2700,null,120,50);
Insert into HR.EMPLOYEES (EMPLOYEE_ID,FIRST_NAME,LAST_NAME,EMAIL,PHONE_NUMBER,HIRE_DATE,JOB_ID,SALARY,COMMISSION_PCT,MANAGER_ID,DEPARTMENT_ID) values (127,'James','Landry','JLANDRY','650.124.1334',to_date('07/01/14','RR/MM/DD'),'ST_CLERK',2400,null,120,50);
Insert into HR.EMPLOYEES (EMPLOYEE_ID,FIRST_NAME,LAST_NAME,EMAIL,PHONE_NUMBER,HIRE_DATE,JOB_ID,SALARY,COMMISSION_PCT,MANAGER_ID,DEPARTMENT_ID) values (128,'Steven','Markle','SMARKLE','650.124.1434',to_date('08/03/08','RR/MM/DD'),'ST_CLERK',2200,null,120,50);
Insert into HR.EMPLOYEES (EMPLOYEE_ID,FIRST_NAME,LAST_NAME,EMAIL,PHONE_NUMBER,HIRE_DATE,JOB_ID,SALARY,COMMISSION_PCT,MANAGER_ID,DEPARTMENT_ID) values (129,'Laura','Bissot','LBISSOT','650.124.5234',to_date('05/08/20','RR/MM/DD'),'ST_CLERK',3300,null,121,50);
Insert into HR.EMPLOYEES (EMPLOYEE_ID,FIRST_NAME,LAST_NAME,EMAIL,PHONE_NUMBER,HIRE_DATE,JOB_ID,SALARY,COMMISSION_PCT,MANAGER_ID,DEPARTMENT_ID) values (130,'Mozhe','Atkinson','MATKINSO','650.124.6234',to_date('05/10/30','RR/MM/DD'),'ST_CLERK',2800,null,121,50);
Insert into HR.EMPLOYEES (EMPLOYEE_ID,FIRST_NAME,LAST_NAME,EMAIL,PHONE_NUMBER,HIRE_DATE,JOB_ID,SALARY,COMMISSION_PCT,MANAGER_ID,DEPARTMENT_ID) values (131,'James','Marlow','JAMRLOW','650.124.7234',to_date('05/02/16','RR/MM/DD'),'ST_CLERK',2500,null,121,50);
Insert into HR.EMPLOYEES (EMPLOYEE_ID,FIRST_NAME,LAST_NAME,EMAIL,PHONE_NUMBER,HIRE_DATE,JOB_ID,SALARY,COMMISSION_PCT,MANAGER_ID,DEPARTMENT_ID) values (132,'TJ','Olson','TJOLSON','650.124.8234',to_date('07/04/10','RR/MM/DD'),'ST_CLERK',2100,null,121,50);
Insert into HR.EMPLOYEES (EMPLOYEE_ID,FIRST_NAME,LAST_NAME,EMAIL,PHONE_NUMBER,HIRE_DATE,JOB_ID,SALARY,COMMISSION_PCT,MANAGER_ID,DEPARTMENT_ID) values (133,'Jason','Mallin','JMALLIN','650.127.1934',to_date('04/06/14','RR/MM/DD'),'ST_CLERK',3300,null,122,50);
Insert into HR.EMPLOYEES (EMPLOYEE_ID,FIRST_NAME,LAST_NAME,EMAIL,PHONE_NUMBER,HIRE_DATE,JOB_ID,SALARY,COMMISSION_PCT,MANAGER_ID,DEPARTMENT_ID) values (134,'Michael','Rogers','MROGERS','650.127.1834',to_date('06/08/26','RR/MM/DD'),'ST_CLERK',2900,null,122,50);
Insert into HR.EMPLOYEES (EMPLOYEE_ID,FIRST_NAME,LAST_NAME,EMAIL,PHONE_NUMBER,HIRE_DATE,JOB_ID,SALARY,COMMISSION_PCT,MANAGER_ID,DEPARTMENT_ID) values (135,'Ki','Gee','KGEE','650.127.1734',to_date('07/12/12','RR/MM/DD'),'ST_CLERK',2400,null,122,50);
Insert into HR.EMPLOYEES (EMPLOYEE_ID,FIRST_NAME,LAST_NAME,EMAIL,PHONE_NUMBER,HIRE_DATE,JOB_ID,SALARY,COMMISSION_PCT,MANAGER_ID,DEPARTMENT_ID) values (136,'Hazel','Philtanker','HPHILTAN','650.127.1634',to_date('08/02/06','RR/MM/DD'),'ST_CLERK',2200,null,122,50);
Insert into HR.EMPLOYEES (EMPLOYEE_ID,FIRST_NAME,LAST_NAME,EMAIL,PHONE_NUMBER,HIRE_DATE,JOB_ID,SALARY,COMMISSION_PCT,MANAGER_ID,DEPARTMENT_ID) values (137,'Renske','Ladwig','RLADWIG','650.121.1234',to_date('03/07/14','RR/MM/DD'),'ST_CLERK',3600,null,123,50);
Insert into HR.EMPLOYEES (EMPLOYEE_ID,FIRST_NAME,LAST_NAME,EMAIL,PHONE_NUMBER,HIRE_DATE,JOB_ID,SALARY,COMMISSION_PCT,MANAGER_ID,DEPARTMENT_ID) values (138,'Stephen','Stiles','SSTILES','650.121.2034',to_date('05/10/26','RR/MM/DD'),'ST_CLERK',3200,null,123,50);
Insert into HR.EMPLOYEES (EMPLOYEE_ID,FIRST_NAME,LAST_NAME,EMAIL,PHONE_NUMBER,HIRE_DATE,JOB_ID,SALARY,COMMISSION_PCT,MANAGER_ID,DEPARTMENT_ID) values (139,'John','Seo','JSEO','650.121.2019',to_date('06/02/12','RR/MM/DD'),'ST_CLERK',2700,null,123,50);
Insert into HR.EMPLOYEES (EMPLOYEE_ID,FIRST_NAME,LAST_NAME,EMAIL,PHONE_NUMBER,HIRE_DATE,JOB_ID,SALARY,COMMISSION_PCT,MANAGER_ID,DEPARTMENT_ID) values (140,'Joshua','Patel','JPATEL','650.121.1834',to_date('06/04/06','RR/MM/DD'),'ST_CLERK',2500,null,123,50);
Insert into HR.EMPLOYEES (EMPLOYEE_ID,FIRST_NAME,LAST_NAME,EMAIL,PHONE_NUMBER,HIRE_DATE,JOB_ID,SALARY,COMMISSION_PCT,MANAGER_ID,DEPARTMENT_ID) values (141,'Trenna','Rajs','TRAJS','650.121.8009',to_date('03/10/17','RR/MM/DD'),'ST_CLERK',3500,null,124,50);
Insert into HR.EMPLOYEES (EMPLOYEE_ID,FIRST_NAME,LAST_NAME,EMAIL,PHONE_NUMBER,HIRE_DATE,JOB_ID,SALARY,COMMISSION_PCT,MANAGER_ID,DEPARTMENT_ID) values (142,'Curtis','Davies','CDAVIES','650.121.2994',to_date('05/01/29','RR/MM/DD'),'ST_CLERK',3100,null,124,50);
Insert into HR.EMPLOYEES (EMPLOYEE_ID,FIRST_NAME,LAST_NAME,EMAIL,PHONE_NUMBER,HIRE_DATE,JOB_ID,SALARY,COMMISSION_PCT,MANAGER_ID,DEPARTMENT_ID) values (143,'Randall','Matos','RMATOS','650.121.2874',to_date('06/03/15','RR/MM/DD'),'ST_CLERK',2600,null,124,50);
Insert into HR.EMPLOYEES (EMPLOYEE_ID,FIRST_NAME,LAST_NAME,EMAIL,PHONE_NUMBER,HIRE_DATE,JOB_ID,SALARY,COMMISSION_PCT,MANAGER_ID,DEPARTMENT_ID) values (144,'Peter','Vargas','PVARGAS','650.121.2004',to_date('06/07/09','RR/MM/DD'),'ST_CLERK',2500,null,124,50);
Insert into HR.EMPLOYEES (EMPLOYEE_ID,FIRST_NAME,LAST_NAME,EMAIL,PHONE_NUMBER,HIRE_DATE,JOB_ID,SALARY,COMMISSION_PCT,MANAGER_ID,DEPARTMENT_ID) values (145,'John','Russell','JRUSSEL','011.44.1344.429268',to_date('04/10/01','RR/MM/DD'),'SA_MAN',14000,0.4,100,80);
Insert into HR.EMPLOYEES (EMPLOYEE_ID,FIRST_NAME,LAST_NAME,EMAIL,PHONE_NUMBER,HIRE_DATE,JOB_ID,SALARY,COMMISSION_PCT,MANAGER_ID,DEPARTMENT_ID) values (146,'Karen','Partners','KPARTNER','011.44.1344.467268',to_date('05/01/05','RR/MM/DD'),'SA_MAN',13500,0.3,100,80);
Insert into HR.EMPLOYEES (EMPLOYEE_ID,FIRST_NAME,LAST_NAME,EMAIL,PHONE_NUMBER,HIRE_DATE,JOB_ID,SALARY,COMMISSION_PCT,MANAGER_ID,DEPARTMENT_ID) values (147,'Alberto','Errazuriz','AERRAZUR','011.44.1344.429278',to_date('05/03/10','RR/MM/DD'),'SA_MAN',12000,0.3,100,80);
Insert into HR.EMPLOYEES (EMPLOYEE_ID,FIRST_NAME,LAST_NAME,EMAIL,PHONE_NUMBER,HIRE_DATE,JOB_ID,SALARY,COMMISSION_PCT,MANAGER_ID,DEPARTMENT_ID) values (148,'Gerald','Cambrault','GCAMBRAU','011.44.1344.619268',to_date('07/10/15','RR/MM/DD'),'SA_MAN',11000,0.3,100,80);
Insert into HR.EMPLOYEES (EMPLOYEE_ID,FIRST_NAME,LAST_NAME,EMAIL,PHONE_NUMBER,HIRE_DATE,JOB_ID,SALARY,COMMISSION_PCT,MANAGER_ID,DEPARTMENT_ID) values (149,'Eleni','Zlotkey','EZLOTKEY','011.44.1344.429018',to_date('08/01/29','RR/MM/DD'),'SA_MAN',10500,0.2,100,80);
Insert into HR.EMPLOYEES (EMPLOYEE_ID,FIRST_NAME,LAST_NAME,EMAIL,PHONE_NUMBER,HIRE_DATE,JOB_ID,SALARY,COMMISSION_PCT,MANAGER_ID,DEPARTMENT_ID) values (150,'Peter','Tucker','PTUCKER','011.44.1344.129268',to_date('05/01/30','RR/MM/DD'),'SA_REP',10000,0.3,145,80);
Insert into HR.EMPLOYEES (EMPLOYEE_ID,FIRST_NAME,LAST_NAME,EMAIL,PHONE_NUMBER,HIRE_DATE,JOB_ID,SALARY,COMMISSION_PCT,MANAGER_ID,DEPARTMENT_ID) values (151,'David','Bernstein','DBERNSTE','011.44.1344.345268',to_date('05/03/24','RR/MM/DD'),'SA_REP',9500,0.25,145,80);
Insert into HR.EMPLOYEES (EMPLOYEE_ID,FIRST_NAME,LAST_NAME,EMAIL,PHONE_NUMBER,HIRE_DATE,JOB_ID,SALARY,COMMISSION_PCT,MANAGER_ID,DEPARTMENT_ID) values (152,'Peter','Hall','PHALL','011.44.1344.478968',to_date('05/08/20','RR/MM/DD'),'SA_REP',9000,0.25,145,80);
Insert into HR.EMPLOYEES (EMPLOYEE_ID,FIRST_NAME,LAST_NAME,EMAIL,PHONE_NUMBER,HIRE_DATE,JOB_ID,SALARY,COMMISSION_PCT,MANAGER_ID,DEPARTMENT_ID) values (153,'Christopher','Olsen','COLSEN','011.44.1344.498718',to_date('06/03/30','RR/MM/DD'),'SA_REP',8000,0.2,145,80);
Insert into HR.EMPLOYEES (EMPLOYEE_ID,FIRST_NAME,LAST_NAME,EMAIL,PHONE_NUMBER,HIRE_DATE,JOB_ID,SALARY,COMMISSION_PCT,MANAGER_ID,DEPARTMENT_ID) values (154,'Nanette','Cambrault','NCAMBRAU','011.44.1344.987668',to_date('06/12/09','RR/MM/DD'),'SA_REP',7500,0.2,145,80);
Insert into HR.EMPLOYEES (EMPLOYEE_ID,FIRST_NAME,LAST_NAME,EMAIL,PHONE_NUMBER,HIRE_DATE,JOB_ID,SALARY,COMMISSION_PCT,MANAGER_ID,DEPARTMENT_ID) values (155,'Oliver','Tuvault','OTUVAULT','011.44.1344.486508',to_date('07/11/23','RR/MM/DD'),'SA_REP',7000,0.15,145,80);
Insert into HR.EMPLOYEES (EMPLOYEE_ID,FIRST_NAME,LAST_NAME,EMAIL,PHONE_NUMBER,HIRE_DATE,JOB_ID,SALARY,COMMISSION_PCT,MANAGER_ID,DEPARTMENT_ID) values (156,'Janette','King','JKING','011.44.1345.429268',to_date('04/01/30','RR/MM/DD'),'SA_REP',10000,0.35,146,80);
Insert into HR.EMPLOYEES (EMPLOYEE_ID,FIRST_NAME,LAST_NAME,EMAIL,PHONE_NUMBER,HIRE_DATE,JOB_ID,SALARY,COMMISSION_PCT,MANAGER_ID,DEPARTMENT_ID) values (157,'Patrick','Sully','PSULLY','011.44.1345.929268',to_date('04/03/04','RR/MM/DD'),'SA_REP',9500,0.35,146,80);
Insert into HR.EMPLOYEES (EMPLOYEE_ID,FIRST_NAME,LAST_NAME,EMAIL,PHONE_NUMBER,HIRE_DATE,JOB_ID,SALARY,COMMISSION_PCT,MANAGER_ID,DEPARTMENT_ID) values (158,'Allan','McEwen','AMCEWEN','011.44.1345.829268',to_date('04/08/01','RR/MM/DD'),'SA_REP',9000,0.35,146,80);
Insert into HR.EMPLOYEES (EMPLOYEE_ID,FIRST_NAME,LAST_NAME,EMAIL,PHONE_NUMBER,HIRE_DATE,JOB_ID,SALARY,COMMISSION_PCT,MANAGER_ID,DEPARTMENT_ID) values (159,'Lindsey','Smith','LSMITH','011.44.1345.729268',to_date('05/03/10','RR/MM/DD'),'SA_REP',8000,0.3,146,80);
Insert into HR.EMPLOYEES (EMPLOYEE_ID,FIRST_NAME,LAST_NAME,EMAIL,PHONE_NUMBER,HIRE_DATE,JOB_ID,SALARY,COMMISSION_PCT,MANAGER_ID,DEPARTMENT_ID) values (160,'Louise','Doran','LDORAN','011.44.1345.629268',to_date('05/12/15','RR/MM/DD'),'SA_REP',7500,0.3,146,80);
Insert into HR.EMPLOYEES (EMPLOYEE_ID,FIRST_NAME,LAST_NAME,EMAIL,PHONE_NUMBER,HIRE_DATE,JOB_ID,SALARY,COMMISSION_PCT,MANAGER_ID,DEPARTMENT_ID) values (161,'Sarath','Sewall','SSEWALL','011.44.1345.529268',to_date('06/11/03','RR/MM/DD'),'SA_REP',7000,0.25,146,80);
Insert into HR.EMPLOYEES (EMPLOYEE_ID,FIRST_NAME,LAST_NAME,EMAIL,PHONE_NUMBER,HIRE_DATE,JOB_ID,SALARY,COMMISSION_PCT,MANAGER_ID,DEPARTMENT_ID) values (162,'Clara','Vishney','CVISHNEY','011.44.1346.129268',to_date('05/11/11','RR/MM/DD'),'SA_REP',10500,0.25,147,80);
Insert into HR.EMPLOYEES (EMPLOYEE_ID,FIRST_NAME,LAST_NAME,EMAIL,PHONE_NUMBER,HIRE_DATE,JOB_ID,SALARY,COMMISSION_PCT,MANAGER_ID,DEPARTMENT_ID) values (163,'Danielle','Greene','DGREENE','011.44.1346.229268',to_date('07/03/19','RR/MM/DD'),'SA_REP',9500,0.15,147,80);
Insert into HR.EMPLOYEES (EMPLOYEE_ID,FIRST_NAME,LAST_NAME,EMAIL,PHONE_NUMBER,HIRE_DATE,JOB_ID,SALARY,COMMISSION_PCT,MANAGER_ID,DEPARTMENT_ID) values (164,'Mattea','Marvins','MMARVINS','011.44.1346.329268',to_date('08/01/24','RR/MM/DD'),'SA_REP',7200,0.1,147,80);
Insert into HR.EMPLOYEES (EMPLOYEE_ID,FIRST_NAME,LAST_NAME,EMAIL,PHONE_NUMBER,HIRE_DATE,JOB_ID,SALARY,COMMISSION_PCT,MANAGER_ID,DEPARTMENT_ID) values (165,'David','Lee','DLEE','011.44.1346.529268',to_date('08/02/23','RR/MM/DD'),'SA_REP',6800,0.1,147,80);
Insert into HR.EMPLOYEES (EMPLOYEE_ID,FIRST_NAME,LAST_NAME,EMAIL,PHONE_NUMBER,HIRE_DATE,JOB_ID,SALARY,COMMISSION_PCT,MANAGER_ID,DEPARTMENT_ID) values (166,'Sundar','Ande','SANDE','011.44.1346.629268',to_date('08/03/24','RR/MM/DD'),'SA_REP',6400,0.1,147,80);
Insert into HR.EMPLOYEES (EMPLOYEE_ID,FIRST_NAME,LAST_NAME,EMAIL,PHONE_NUMBER,HIRE_DATE,JOB_ID,SALARY,COMMISSION_PCT,MANAGER_ID,DEPARTMENT_ID) values (167,'Amit','Banda','ABANDA','011.44.1346.729268',to_date('08/04/21','RR/MM/DD'),'SA_REP',6200,0.1,147,80);
Insert into HR.EMPLOYEES (EMPLOYEE_ID,FIRST_NAME,LAST_NAME,EMAIL,PHONE_NUMBER,HIRE_DATE,JOB_ID,SALARY,COMMISSION_PCT,MANAGER_ID,DEPARTMENT_ID) values (168,'Lisa','Ozer','LOZER','011.44.1343.929268',to_date('05/03/11','RR/MM/DD'),'SA_REP',11500,0.25,148,80);
Insert into HR.EMPLOYEES (EMPLOYEE_ID,FIRST_NAME,LAST_NAME,EMAIL,PHONE_NUMBER,HIRE_DATE,JOB_ID,SALARY,COMMISSION_PCT,MANAGER_ID,DEPARTMENT_ID) values (169,'Harrison','Bloom','HBLOOM','011.44.1343.829268',to_date('06/03/23','RR/MM/DD'),'SA_REP',10000,0.2,148,80);
Insert into HR.EMPLOYEES (EMPLOYEE_ID,FIRST_NAME,LAST_NAME,EMAIL,PHONE_NUMBER,HIRE_DATE,JOB_ID,SALARY,COMMISSION_PCT,MANAGER_ID,DEPARTMENT_ID) values (170,'Tayler','Fox','TFOX','011.44.1343.729268',to_date('06/01/24','RR/MM/DD'),'SA_REP',9600,0.2,148,80);
Insert into HR.EMPLOYEES (EMPLOYEE_ID,FIRST_NAME,LAST_NAME,EMAIL,PHONE_NUMBER,HIRE_DATE,JOB_ID,SALARY,COMMISSION_PCT,MANAGER_ID,DEPARTMENT_ID) values (171,'William','Smith','WSMITH','011.44.1343.629268',to_date('07/02/23','RR/MM/DD'),'SA_REP',7400,0.15,148,80);
Insert into HR.EMPLOYEES (EMPLOYEE_ID,FIRST_NAME,LAST_NAME,EMAIL,PHONE_NUMBER,HIRE_DATE,JOB_ID,SALARY,COMMISSION_PCT,MANAGER_ID,DEPARTMENT_ID) values (172,'Elizabeth','Bates','EBATES','011.44.1343.529268',to_date('07/03/24','RR/MM/DD'),'SA_REP',7300,0.15,148,80);
Insert into HR.EMPLOYEES (EMPLOYEE_ID,FIRST_NAME,LAST_NAME,EMAIL,PHONE_NUMBER,HIRE_DATE,JOB_ID,SALARY,COMMISSION_PCT,MANAGER_ID,DEPARTMENT_ID) values (173,'Sundita','Kumar','SKUMAR','011.44.1343.329268',to_date('08/04/21','RR/MM/DD'),'SA_REP',6100,0.1,148,80);
Insert into HR.EMPLOYEES (EMPLOYEE_ID,FIRST_NAME,LAST_NAME,EMAIL,PHONE_NUMBER,HIRE_DATE,JOB_ID,SALARY,COMMISSION_PCT,MANAGER_ID,DEPARTMENT_ID) values (174,'Ellen','Abel','EABEL','011.44.1644.429267',to_date('04/05/11','RR/MM/DD'),'SA_REP',11000,0.3,149,80);
Insert into HR.EMPLOYEES (EMPLOYEE_ID,FIRST_NAME,LAST_NAME,EMAIL,PHONE_NUMBER,HIRE_DATE,JOB_ID,SALARY,COMMISSION_PCT,MANAGER_ID,DEPARTMENT_ID) values (175,'Alyssa','Hutton','AHUTTON','011.44.1644.429266',to_date('05/03/19','RR/MM/DD'),'SA_REP',8800,0.25,149,80);
Insert into HR.EMPLOYEES (EMPLOYEE_ID,FIRST_NAME,LAST_NAME,EMAIL,PHONE_NUMBER,HIRE_DATE,JOB_ID,SALARY,COMMISSION_PCT,MANAGER_ID,DEPARTMENT_ID) values (176,'Jonathon','Taylor','JTAYLOR','011.44.1644.429265',to_date('06/03/24','RR/MM/DD'),'SA_REP',8600,0.2,149,80);
Insert into HR.EMPLOYEES (EMPLOYEE_ID,FIRST_NAME,LAST_NAME,EMAIL,PHONE_NUMBER,HIRE_DATE,JOB_ID,SALARY,COMMISSION_PCT,MANAGER_ID,DEPARTMENT_ID) values (177,'Jack','Livingston','JLIVINGS','011.44.1644.429264',to_date('06/04/23','RR/MM/DD'),'SA_REP',8400,0.2,149,80);
Insert into HR.EMPLOYEES (EMPLOYEE_ID,FIRST_NAME,LAST_NAME,EMAIL,PHONE_NUMBER,HIRE_DATE,JOB_ID,SALARY,COMMISSION_PCT,MANAGER_ID,DEPARTMENT_ID) values (178,'Kimberely','Grant','KGRANT','011.44.1644.429263',to_date('07/05/24','RR/MM/DD'),'SA_REP',7000,0.15,149,null);
Insert into HR.EMPLOYEES (EMPLOYEE_ID,FIRST_NAME,LAST_NAME,EMAIL,PHONE_NUMBER,HIRE_DATE,JOB_ID,SALARY,COMMISSION_PCT,MANAGER_ID,DEPARTMENT_ID) values (179,'Charles','Johnson','CJOHNSON','011.44.1644.429262',to_date('08/01/04','RR/MM/DD'),'SA_REP',6200,0.1,149,80);
Insert into HR.EMPLOYEES (EMPLOYEE_ID,FIRST_NAME,LAST_NAME,EMAIL,PHONE_NUMBER,HIRE_DATE,JOB_ID,SALARY,COMMISSION_PCT,MANAGER_ID,DEPARTMENT_ID) values (180,'Winston','Taylor','WTAYLOR','650.507.9876',to_date('06/01/24','RR/MM/DD'),'SH_CLERK',3200,null,120,50);
Insert into HR.EMPLOYEES (EMPLOYEE_ID,FIRST_NAME,LAST_NAME,EMAIL,PHONE_NUMBER,HIRE_DATE,JOB_ID,SALARY,COMMISSION_PCT,MANAGER_ID,DEPARTMENT_ID) values (181,'Jean','Fleaur','JFLEAUR','650.507.9877',to_date('06/02/23','RR/MM/DD'),'SH_CLERK',3100,null,120,50);
Insert into HR.EMPLOYEES (EMPLOYEE_ID,FIRST_NAME,LAST_NAME,EMAIL,PHONE_NUMBER,HIRE_DATE,JOB_ID,SALARY,COMMISSION_PCT,MANAGER_ID,DEPARTMENT_ID) values (182,'Martha','Sullivan','MSULLIVA','650.507.9878',to_date('07/06/21','RR/MM/DD'),'SH_CLERK',2500,null,120,50);
Insert into HR.EMPLOYEES (EMPLOYEE_ID,FIRST_NAME,LAST_NAME,EMAIL,PHONE_NUMBER,HIRE_DATE,JOB_ID,SALARY,COMMISSION_PCT,MANAGER_ID,DEPARTMENT_ID) values (183,'Girard','Geoni','GGEONI','650.507.9879',to_date('08/02/03','RR/MM/DD'),'SH_CLERK',2800,null,120,50);
Insert into HR.EMPLOYEES (EMPLOYEE_ID,FIRST_NAME,LAST_NAME,EMAIL,PHONE_NUMBER,HIRE_DATE,JOB_ID,SALARY,COMMISSION_PCT,MANAGER_ID,DEPARTMENT_ID) values (184,'Nandita','Sarchand','NSARCHAN','650.509.1876',to_date('04/01/27','RR/MM/DD'),'SH_CLERK',4200,null,121,50);
Insert into HR.EMPLOYEES (EMPLOYEE_ID,FIRST_NAME,LAST_NAME,EMAIL,PHONE_NUMBER,HIRE_DATE,JOB_ID,SALARY,COMMISSION_PCT,MANAGER_ID,DEPARTMENT_ID) values (185,'Alexis','Bull','ABULL','650.509.2876',to_date('05/02/20','RR/MM/DD'),'SH_CLERK',4100,null,121,50);
Insert into HR.EMPLOYEES (EMPLOYEE_ID,FIRST_NAME,LAST_NAME,EMAIL,PHONE_NUMBER,HIRE_DATE,JOB_ID,SALARY,COMMISSION_PCT,MANAGER_ID,DEPARTMENT_ID) values (186,'Julia','Dellinger','JDELLING','650.509.3876',to_date('06/06/24','RR/MM/DD'),'SH_CLERK',3400,null,121,50);
Insert into HR.EMPLOYEES (EMPLOYEE_ID,FIRST_NAME,LAST_NAME,EMAIL,PHONE_NUMBER,HIRE_DATE,JOB_ID,SALARY,COMMISSION_PCT,MANAGER_ID,DEPARTMENT_ID) values (187,'Anthony','Cabrio','ACABRIO','650.509.4876',to_date('07/02/07','RR/MM/DD'),'SH_CLERK',3000,null,121,50);
Insert into HR.EMPLOYEES (EMPLOYEE_ID,FIRST_NAME,LAST_NAME,EMAIL,PHONE_NUMBER,HIRE_DATE,JOB_ID,SALARY,COMMISSION_PCT,MANAGER_ID,DEPARTMENT_ID) values (188,'Kelly','Chung','KCHUNG','650.505.1876',to_date('05/06/14','RR/MM/DD'),'SH_CLERK',3800,null,122,50);
Insert into HR.EMPLOYEES (EMPLOYEE_ID,FIRST_NAME,LAST_NAME,EMAIL,PHONE_NUMBER,HIRE_DATE,JOB_ID,SALARY,COMMISSION_PCT,MANAGER_ID,DEPARTMENT_ID) values (189,'Jennifer','Dilly','JDILLY','650.505.2876',to_date('05/08/13','RR/MM/DD'),'SH_CLERK',3600,null,122,50);
Insert into HR.EMPLOYEES (EMPLOYEE_ID,FIRST_NAME,LAST_NAME,EMAIL,PHONE_NUMBER,HIRE_DATE,JOB_ID,SALARY,COMMISSION_PCT,MANAGER_ID,DEPARTMENT_ID) values (190,'Timothy','Gates','TGATES','650.505.3876',to_date('06/07/11','RR/MM/DD'),'SH_CLERK',2900,null,122,50);
Insert into HR.EMPLOYEES (EMPLOYEE_ID,FIRST_NAME,LAST_NAME,EMAIL,PHONE_NUMBER,HIRE_DATE,JOB_ID,SALARY,COMMISSION_PCT,MANAGER_ID,DEPARTMENT_ID) values (191,'Randall','Perkins','RPERKINS','650.505.4876',to_date('07/12/19','RR/MM/DD'),'SH_CLERK',2500,null,122,50);
Insert into HR.EMPLOYEES (EMPLOYEE_ID,FIRST_NAME,LAST_NAME,EMAIL,PHONE_NUMBER,HIRE_DATE,JOB_ID,SALARY,COMMISSION_PCT,MANAGER_ID,DEPARTMENT_ID) values (192,'Sarah','Bell','SBELL','650.501.1876',to_date('04/02/04','RR/MM/DD'),'SH_CLERK',4000,null,123,50);
Insert into HR.EMPLOYEES (EMPLOYEE_ID,FIRST_NAME,LAST_NAME,EMAIL,PHONE_NUMBER,HIRE_DATE,JOB_ID,SALARY,COMMISSION_PCT,MANAGER_ID,DEPARTMENT_ID) values (193,'Britney','Everett','BEVERETT','650.501.2876',to_date('05/03/03','RR/MM/DD'),'SH_CLERK',3900,null,123,50);
Insert into HR.EMPLOYEES (EMPLOYEE_ID,FIRST_NAME,LAST_NAME,EMAIL,PHONE_NUMBER,HIRE_DATE,JOB_ID,SALARY,COMMISSION_PCT,MANAGER_ID,DEPARTMENT_ID) values (194,'Samuel','McCain','SMCCAIN','650.501.3876',to_date('06/07/01','RR/MM/DD'),'SH_CLERK',3200,null,123,50);
Insert into HR.EMPLOYEES (EMPLOYEE_ID,FIRST_NAME,LAST_NAME,EMAIL,PHONE_NUMBER,HIRE_DATE,JOB_ID,SALARY,COMMISSION_PCT,MANAGER_ID,DEPARTMENT_ID) values (195,'Vance','Jones','VJONES','650.501.4876',to_date('07/03/17','RR/MM/DD'),'SH_CLERK',2800,null,123,50);
Insert into HR.EMPLOYEES (EMPLOYEE_ID,FIRST_NAME,LAST_NAME,EMAIL,PHONE_NUMBER,HIRE_DATE,JOB_ID,SALARY,COMMISSION_PCT,MANAGER_ID,DEPARTMENT_ID) values (196,'Alana','Walsh','AWALSH','650.507.9811',to_date('06/04/24','RR/MM/DD'),'SH_CLERK',3100,null,124,50);
Insert into HR.EMPLOYEES (EMPLOYEE_ID,FIRST_NAME,LAST_NAME,EMAIL,PHONE_NUMBER,HIRE_DATE,JOB_ID,SALARY,COMMISSION_PCT,MANAGER_ID,DEPARTMENT_ID) values (197,'Kevin','Feeney','KFEENEY','650.507.9822',to_date('06/05/23','RR/MM/DD'),'SH_CLERK',3000,null,124,50);
Insert into HR.EMPLOYEES (EMPLOYEE_ID,FIRST_NAME,LAST_NAME,EMAIL,PHONE_NUMBER,HIRE_DATE,JOB_ID,SALARY,COMMISSION_PCT,MANAGER_ID,DEPARTMENT_ID) values (198,'Donald','OConnell','DOCONNEL','650.507.9833',to_date('07/06/21','RR/MM/DD'),'SH_CLERK',2600,null,124,50);
Insert into HR.EMPLOYEES (EMPLOYEE_ID,FIRST_NAME,LAST_NAME,EMAIL,PHONE_NUMBER,HIRE_DATE,JOB_ID,SALARY,COMMISSION_PCT,MANAGER_ID,DEPARTMENT_ID) values (199,'Douglas','Grant','DGRANT','650.507.9844',to_date('08/01/13','RR/MM/DD'),'SH_CLERK',2600,null,124,50);
Insert into HR.EMPLOYEES (EMPLOYEE_ID,FIRST_NAME,LAST_NAME,EMAIL,PHONE_NUMBER,HIRE_DATE,JOB_ID,SALARY,COMMISSION_PCT,MANAGER_ID,DEPARTMENT_ID) values (200,'Jennifer','Whalen','JWHALEN','515.123.4444',to_date('03/09/17','RR/MM/DD'),'AD_ASST',4400,null,101,10);
Insert into HR.EMPLOYEES (EMPLOYEE_ID,FIRST_NAME,LAST_NAME,EMAIL,PHONE_NUMBER,HIRE_DATE,JOB_ID,SALARY,COMMISSION_PCT,MANAGER_ID,DEPARTMENT_ID) values (201,'Michael','Hartstein','MHARTSTE','515.123.5555',to_date('04/02/17','RR/MM/DD'),'MK_MAN',13000,null,100,20);
Insert into HR.EMPLOYEES (EMPLOYEE_ID,FIRST_NAME,LAST_NAME,EMAIL,PHONE_NUMBER,HIRE_DATE,JOB_ID,SALARY,COMMISSION_PCT,MANAGER_ID,DEPARTMENT_ID) values (202,'Pat','Fay','PFAY','603.123.6666',to_date('05/08/17','RR/MM/DD'),'MK_REP',6000,null,201,20);
Insert into HR.EMPLOYEES (EMPLOYEE_ID,FIRST_NAME,LAST_NAME,EMAIL,PHONE_NUMBER,HIRE_DATE,JOB_ID,SALARY,COMMISSION_PCT,MANAGER_ID,DEPARTMENT_ID) values (203,'Susan','Mavris','SMAVRIS','515.123.7777',to_date('02/06/07','RR/MM/DD'),'HR_REP',6500,null,101,40);
Insert into HR.EMPLOYEES (EMPLOYEE_ID,FIRST_NAME,LAST_NAME,EMAIL,PHONE_NUMBER,HIRE_DATE,JOB_ID,SALARY,COMMISSION_PCT,MANAGER_ID,DEPARTMENT_ID) values (204,'Hermann','Baer','HBAER','515.123.8888',to_date('02/06/07','RR/MM/DD'),'PR_REP',10000,null,101,70);
Insert into HR.EMPLOYEES (EMPLOYEE_ID,FIRST_NAME,LAST_NAME,EMAIL,PHONE_NUMBER,HIRE_DATE,JOB_ID,SALARY,COMMISSION_PCT,MANAGER_ID,DEPARTMENT_ID) values (205,'Shelley','Higgins','SHIGGINS','515.123.8080',to_date('02/06/07','RR/MM/DD'),'AC_MGR',12008,null,101,110);
Insert into HR.EMPLOYEES (EMPLOYEE_ID,FIRST_NAME,LAST_NAME,EMAIL,PHONE_NUMBER,HIRE_DATE,JOB_ID,SALARY,COMMISSION_PCT,MANAGER_ID,DEPARTMENT_ID) values (206,'William','Gietz','WGIETZ','515.123.8181',to_date('02/06/07','RR/MM/DD'),'AC_ACCOUNT',8300,null,205,110);
REM INSERTING into HR.JOB_HISTORY
SET DEFINE OFF;
Insert into HR.JOB_HISTORY (EMPLOYEE_ID,START_DATE,END_DATE,JOB_ID,DEPARTMENT_ID) values (102,to_date('01/01/13','RR/MM/DD'),to_date('06/07/24','RR/MM/DD'),'IT_PROG',60);
Insert into HR.JOB_HISTORY (EMPLOYEE_ID,START_DATE,END_DATE,JOB_ID,DEPARTMENT_ID) values (101,to_date('97/09/21','RR/MM/DD'),to_date('01/10/27','RR/MM/DD'),'AC_ACCOUNT',110);
Insert into HR.JOB_HISTORY (EMPLOYEE_ID,START_DATE,END_DATE,JOB_ID,DEPARTMENT_ID) values (101,to_date('01/10/28','RR/MM/DD'),to_date('05/03/15','RR/MM/DD'),'AC_MGR',110);
Insert into HR.JOB_HISTORY (EMPLOYEE_ID,START_DATE,END_DATE,JOB_ID,DEPARTMENT_ID) values (201,to_date('04/02/17','RR/MM/DD'),to_date('07/12/19','RR/MM/DD'),'MK_REP',20);
Insert into HR.JOB_HISTORY (EMPLOYEE_ID,START_DATE,END_DATE,JOB_ID,DEPARTMENT_ID) values (114,to_date('06/03/24','RR/MM/DD'),to_date('07/12/31','RR/MM/DD'),'ST_CLERK',50);
Insert into HR.JOB_HISTORY (EMPLOYEE_ID,START_DATE,END_DATE,JOB_ID,DEPARTMENT_ID) values (122,to_date('07/01/01','RR/MM/DD'),to_date('07/12/31','RR/MM/DD'),'ST_CLERK',50);
Insert into HR.JOB_HISTORY (EMPLOYEE_ID,START_DATE,END_DATE,JOB_ID,DEPARTMENT_ID) values (200,to_date('95/09/17','RR/MM/DD'),to_date('01/06/17','RR/MM/DD'),'AD_ASST',90);
Insert into HR.JOB_HISTORY (EMPLOYEE_ID,START_DATE,END_DATE,JOB_ID,DEPARTMENT_ID) values (176,to_date('06/03/24','RR/MM/DD'),to_date('06/12/31','RR/MM/DD'),'SA_REP',80);
Insert into HR.JOB_HISTORY (EMPLOYEE_ID,START_DATE,END_DATE,JOB_ID,DEPARTMENT_ID) values (176,to_date('07/01/01','RR/MM/DD'),to_date('07/12/31','RR/MM/DD'),'SA_MAN',80);
Insert into HR.JOB_HISTORY (EMPLOYEE_ID,START_DATE,END_DATE,JOB_ID,DEPARTMENT_ID) values (200,to_date('02/07/01','RR/MM/DD'),to_date('06/12/31','RR/MM/DD'),'AC_ACCOUNT',90);
REM INSERTING into HR.JOBS
SET DEFINE OFF;
Insert into HR.JOBS (JOB_ID,JOB_TITLE,MIN_SALARY,MAX_SALARY) values ('AD_PRES','President',20080,40000);
Insert into HR.JOBS (JOB_ID,JOB_TITLE,MIN_SALARY,MAX_SALARY) values ('AD_VP','Administration Vice President',15000,30000);
Insert into HR.JOBS (JOB_ID,JOB_TITLE,MIN_SALARY,MAX_SALARY) values ('AD_ASST','Administration Assistant',3000,6000);
Insert into HR.JOBS (JOB_ID,JOB_TITLE,MIN_SALARY,MAX_SALARY) values ('FI_MGR','Finance Manager',8200,16000);
Insert into HR.JOBS (JOB_ID,JOB_TITLE,MIN_SALARY,MAX_SALARY) values ('FI_ACCOUNT','Accountant',4200,9000);
Insert into HR.JOBS (JOB_ID,JOB_TITLE,MIN_SALARY,MAX_SALARY) values ('AC_MGR','Accounting Manager',8200,16000);
Insert into HR.JOBS (JOB_ID,JOB_TITLE,MIN_SALARY,MAX_SALARY) values ('AC_ACCOUNT','Public Accountant',4200,9000);
Insert into HR.JOBS (JOB_ID,JOB_TITLE,MIN_SALARY,MAX_SALARY) values ('SA_MAN','Sales Manager',10000,20080);
Insert into HR.JOBS (JOB_ID,JOB_TITLE,MIN_SALARY,MAX_SALARY) values ('SA_REP','Sales Representative',6000,12008);
Insert into HR.JOBS (JOB_ID,JOB_TITLE,MIN_SALARY,MAX_SALARY) values ('PU_MAN','Purchasing Manager',8000,15000);
Insert into HR.JOBS (JOB_ID,JOB_TITLE,MIN_SALARY,MAX_SALARY) values ('PU_CLERK','Purchasing Clerk',2500,5500);
Insert into HR.JOBS (JOB_ID,JOB_TITLE,MIN_SALARY,MAX_SALARY) values ('ST_MAN','Stock Manager',5500,8500);
Insert into HR.JOBS (JOB_ID,JOB_TITLE,MIN_SALARY,MAX_SALARY) values ('ST_CLERK','Stock Clerk',2008,5000);
Insert into HR.JOBS (JOB_ID,JOB_TITLE,MIN_SALARY,MAX_SALARY) values ('SH_CLERK','Shipping Clerk',2500,5500);
Insert into HR.JOBS (JOB_ID,JOB_TITLE,MIN_SALARY,MAX_SALARY) values ('IT_PROG','Programmer',4000,10000);
Insert into HR.JOBS (JOB_ID,JOB_TITLE,MIN_SALARY,MAX_SALARY) values ('MK_MAN','Marketing Manager',9000,15000);
Insert into HR.JOBS (JOB_ID,JOB_TITLE,MIN_SALARY,MAX_SALARY) values ('MK_REP','Marketing Representative',4000,9000);
Insert into HR.JOBS (JOB_ID,JOB_TITLE,MIN_SALARY,MAX_SALARY) values ('HR_REP','Human Resources Representative',4000,9000);
Insert into HR.JOBS (JOB_ID,JOB_TITLE,MIN_SALARY,MAX_SALARY) values ('PR_REP','Public Relations Representative',4500,10500);
REM INSERTING into HR.LOCATIONS
SET DEFINE OFF;
Insert into HR.LOCATIONS (LOCATION_ID,STREET_ADDRESS,POSTAL_CODE,CITY,STATE_PROVINCE,COUNTRY_ID) values (1000,'1297 Via Cola di Rie','00989','Roma',null,'IT');
Insert into HR.LOCATIONS (LOCATION_ID,STREET_ADDRESS,POSTAL_CODE,CITY,STATE_PROVINCE,COUNTRY_ID) values (1100,'93091 Calle della Testa','10934','Venice',null,'IT');
Insert into HR.LOCATIONS (LOCATION_ID,STREET_ADDRESS,POSTAL_CODE,CITY,STATE_PROVINCE,COUNTRY_ID) values (1200,'2017 Shinjuku-ku','1689','Tokyo','Tokyo Prefecture','JP');
Insert into HR.LOCATIONS (LOCATION_ID,STREET_ADDRESS,POSTAL_CODE,CITY,STATE_PROVINCE,COUNTRY_ID) values (1300,'9450 Kamiya-cho','6823','Hiroshima',null,'JP');
Insert into HR.LOCATIONS (LOCATION_ID,STREET_ADDRESS,POSTAL_CODE,CITY,STATE_PROVINCE,COUNTRY_ID) values (1400,'2014 Jabberwocky Rd','26192','Southlake','Texas','US');
Insert into HR.LOCATIONS (LOCATION_ID,STREET_ADDRESS,POSTAL_CODE,CITY,STATE_PROVINCE,COUNTRY_ID) values (1500,'2011 Interiors Blvd','99236','South San Francisco','California','US');
Insert into HR.LOCATIONS (LOCATION_ID,STREET_ADDRESS,POSTAL_CODE,CITY,STATE_PROVINCE,COUNTRY_ID) values (1600,'2007 Zagora St','50090','South Brunswick','New Jersey','US');
Insert into HR.LOCATIONS (LOCATION_ID,STREET_ADDRESS,POSTAL_CODE,CITY,STATE_PROVINCE,COUNTRY_ID) values (1700,'2004 Charade Rd','98199','Seattle','Washington','US');
Insert into HR.LOCATIONS (LOCATION_ID,STREET_ADDRESS,POSTAL_CODE,CITY,STATE_PROVINCE,COUNTRY_ID) values (1800,'147 Spadina Ave','M5V 2L7','Toronto','Ontario','CA');
Insert into HR.LOCATIONS (LOCATION_ID,STREET_ADDRESS,POSTAL_CODE,CITY,STATE_PROVINCE,COUNTRY_ID) values (1900,'6092 Boxwood St','YSW 9T2','Whitehorse','Yukon','CA');
Insert into HR.LOCATIONS (LOCATION_ID,STREET_ADDRESS,POSTAL_CODE,CITY,STATE_PROVINCE,COUNTRY_ID) values (2000,'40-5-12 Laogianggen','190518','Beijing',null,'CN');
Insert into HR.LOCATIONS (LOCATION_ID,STREET_ADDRESS,POSTAL_CODE,CITY,STATE_PROVINCE,COUNTRY_ID) values (2100,'1298 Vileparle (E)','490231','Bombay','Maharashtra','IN');
Insert into HR.LOCATIONS (LOCATION_ID,STREET_ADDRESS,POSTAL_CODE,CITY,STATE_PROVINCE,COUNTRY_ID) values (2200,'12-98 Victoria Street','2901','Sydney','New South Wales','AU');
Insert into HR.LOCATIONS (LOCATION_ID,STREET_ADDRESS,POSTAL_CODE,CITY,STATE_PROVINCE,COUNTRY_ID) values (2300,'198 Clementi North','540198','Singapore',null,'SG');
Insert into HR.LOCATIONS (LOCATION_ID,STREET_ADDRESS,POSTAL_CODE,CITY,STATE_PROVINCE,COUNTRY_ID) values (2400,'8204 Arthur St',null,'London',null,'UK');
Insert into HR.LOCATIONS (LOCATION_ID,STREET_ADDRESS,POSTAL_CODE,CITY,STATE_PROVINCE,COUNTRY_ID) values (2500,'Magdalen Centre, The Oxford Science Park','OX9 9ZB','Oxford','Oxford','UK');
Insert into HR.LOCATIONS (LOCATION_ID,STREET_ADDRESS,POSTAL_CODE,CITY,STATE_PROVINCE,COUNTRY_ID) values (2600,'9702 Chester Road','09629850293','Stretford','Manchester','UK');
Insert into HR.LOCATIONS (LOCATION_ID,STREET_ADDRESS,POSTAL_CODE,CITY,STATE_PROVINCE,COUNTRY_ID) values (2700,'Schwanthalerstr. 7031','80925','Munich','Bavaria','DE');
Insert into HR.LOCATIONS (LOCATION_ID,STREET_ADDRESS,POSTAL_CODE,CITY,STATE_PROVINCE,COUNTRY_ID) values (2800,'Rua Frei Caneca 1360 ','01307-002','Sao Paulo','Sao Paulo','BR');
Insert into HR.LOCATIONS (LOCATION_ID,STREET_ADDRESS,POSTAL_CODE,CITY,STATE_PROVINCE,COUNTRY_ID) values (2900,'20 Rue des Corps-Saints','1730','Geneva','Geneve','CH');
Insert into HR.LOCATIONS (LOCATION_ID,STREET_ADDRESS,POSTAL_CODE,CITY,STATE_PROVINCE,COUNTRY_ID) values (3000,'Murtenstrasse 921','3095','Bern','BE','CH');
Insert into HR.LOCATIONS (LOCATION_ID,STREET_ADDRESS,POSTAL_CODE,CITY,STATE_PROVINCE,COUNTRY_ID) values (3100,'Pieter Breughelstraat 837','3029SK','Utrecht','Utrecht','NL');
Insert into HR.LOCATIONS (LOCATION_ID,STREET_ADDRESS,POSTAL_CODE,CITY,STATE_PROVINCE,COUNTRY_ID) values (3200,'Mariano Escobedo 9991','11932','Mexico City','Distrito Federal,','MX');
REM INSERTING into HR.MEMBER
SET DEFINE OFF;
Insert into HR.MEMBER (NAME,EMAIL,PW,NUM1,AGE,PHONE,ADDRESS) values ('rla','rla@as.co','rla1234',123456,14,'12','05208서울 강동구 풍산로 235 (강일동)');
Insert into HR.MEMBER (NAME,EMAIL,PW,NUM1,AGE,PHONE,ADDRESS) values ('김규현','kkyu@mail.com','1234',123456,59,'0324295365','23035인천 강화군 강화읍 남문안길 2');
Insert into HR.MEMBER (NAME,EMAIL,PW,NUM1,AGE,PHONE,ADDRESS) values ('김기찬','kgc815@naver.com','1234',123456,27,'1041239661','05237서울 강동구 아리수로 46 (암사동)');
Insert into HR.MEMBER (NAME,EMAIL,PW,NUM1,AGE,PHONE,ADDRESS) values ('김기찬','yiirak@hanmail.net','1234',123456,27,'01085864168','34672대전 동구 판교1길 3 (판암동) 동부아파트101동702호');
Insert into HR.MEMBER (NAME,EMAIL,PW,NUM1,AGE,PHONE,ADDRESS) values ('감기찬','miso@sada.com','1234',123456,27,'1041239661','05237서울 강동구 아리수로 46 (암사동)');
Insert into HR.MEMBER (NAME,EMAIL,PW,NUM1,AGE,PHONE,ADDRESS) values ('rla','rla1@as.com','rla1234',123456,15,'12','48060부산 해운대구 APEC로 17 (우동)');
Insert into HR.MEMBER (NAME,EMAIL,PW,NUM1,AGE,PHONE,ADDRESS) values ('asd','sadsa@mau.com','1234',123456,37,'01085864168','11161경기 포천시 넘마을길 2 (선단동)');
Insert into HR.MEMBER (NAME,EMAIL,PW,NUM1,AGE,PHONE,ADDRESS) values ('이이잉','asd@asd.com','asdf1',123456,10,'010','25315강원 평창군 용평면 느므골길 1');
Insert into HR.MEMBER (NAME,EMAIL,PW,NUM1,AGE,PHONE,ADDRESS) values ('슈퍼맨','superman@naver.com','1234',123456,45,'01085864168','54150전북 군산시 대학로 558 (미룡동)');
REM INSERTING into HR.MEMBER11
SET DEFINE OFF;
Insert into HR.MEMBER11 (ID,PW,EMAIL,NAME,NUM1,YEARS,MONTH,DAY,INTER,SELF) values ('kgc815','1234','yiirak@hanmail.net','한글','123456-1234563',1912,34,56,'Computer, ','111gksrm한글');
Insert into HR.MEMBER11 (ID,PW,EMAIL,NAME,NUM1,YEARS,MONTH,DAY,INTER,SELF) values ('admin','1234','yiirak@hanmail.net','김기찬','123456-1234563',1912,34,56,'travel, ','111');
REM INSERTING into HR.MENU
SET DEFINE OFF;
Insert into HR.MENU (MAJORNAME,MINORNAME,CATEGORYNAME,CATEGORYCODE) values ('men','남자상의','샤츠','6');
Insert into HR.MENU (MAJORNAME,MINORNAME,CATEGORYNAME,CATEGORYCODE) values ('men','남자상의','셔츠','1');
Insert into HR.MENU (MAJORNAME,MINORNAME,CATEGORYNAME,CATEGORYCODE) values ('men','남자상의','아우터','34');
Insert into HR.MENU (MAJORNAME,MINORNAME,CATEGORYNAME,CATEGORYCODE) values ('men','언더웨어','남성속옷','10');
Insert into HR.MENU (MAJORNAME,MINORNAME,CATEGORYNAME,CATEGORYCODE) values ('women','여성패션','코트','12');
Insert into HR.MENU (MAJORNAME,MINORNAME,CATEGORYNAME,CATEGORYCODE) values ('women','여성패션','원피스','13');
Insert into HR.MENU (MAJORNAME,MINORNAME,CATEGORYNAME,CATEGORYCODE) values ('women','여성패션','블라우스','14');
Insert into HR.MENU (MAJORNAME,MINORNAME,CATEGORYNAME,CATEGORYCODE) values ('men','남자하의','면바지','11');
REM INSERTING into HR.MVC_BOARD
SET DEFINE OFF;
REM INSERTING into HR.NAVER
SET DEFINE OFF;
Insert into HR.NAVER (ID,AGE,NAME,EMAIL,PHONE) values ('6549277','20-29','박성무','805sm@naver.com','아직 없어요 ㅠ');
REM INSERTING into HR.OPTION1
SET DEFINE OFF;
Insert into HR.OPTION1 (PRODUCTNUMBER,MAJORNAME,MAJORNUMBER,MINORNUMBER,MINORNAME,MINORIMG,MINORPRICE,MINORSTOCK,PAMAJORNUMBER,PAMINORNUMBER) values (1,'색상',1,1,'검정',null,null,null,null,0);
Insert into HR.OPTION1 (PRODUCTNUMBER,MAJORNAME,MAJORNUMBER,MINORNUMBER,MINORNAME,MINORIMG,MINORPRICE,MINORSTOCK,PAMAJORNUMBER,PAMINORNUMBER) values (1,'색상',1,4,'빨강',null,null,null,null,0);
Insert into HR.OPTION1 (PRODUCTNUMBER,MAJORNAME,MAJORNUMBER,MINORNUMBER,MINORNAME,MINORIMG,MINORPRICE,MINORSTOCK,PAMAJORNUMBER,PAMINORNUMBER) values (1,'색상',1,2,'흰색',null,null,null,null,0);
Insert into HR.OPTION1 (PRODUCTNUMBER,MAJORNAME,MAJORNUMBER,MINORNUMBER,MINORNAME,MINORIMG,MINORPRICE,MINORSTOCK,PAMAJORNUMBER,PAMINORNUMBER) values (1,'사이즈',2,1,'S',null,0,5,1,2);
Insert into HR.OPTION1 (PRODUCTNUMBER,MAJORNAME,MAJORNUMBER,MINORNUMBER,MINORNAME,MINORIMG,MINORPRICE,MINORSTOCK,PAMAJORNUMBER,PAMINORNUMBER) values (1,'색상',1,3,'파랑',null,null,null,null,0);
Insert into HR.OPTION1 (PRODUCTNUMBER,MAJORNAME,MAJORNUMBER,MINORNUMBER,MINORNAME,MINORIMG,MINORPRICE,MINORSTOCK,PAMAJORNUMBER,PAMINORNUMBER) values (1,'사이즈',2,2,'M',null,null,null,1,3);
Insert into HR.OPTION1 (PRODUCTNUMBER,MAJORNAME,MAJORNUMBER,MINORNUMBER,MINORNAME,MINORIMG,MINORPRICE,MINORSTOCK,PAMAJORNUMBER,PAMINORNUMBER) values (1,'사이즈',2,3,'L',null,null,null,1,2);
Insert into HR.OPTION1 (PRODUCTNUMBER,MAJORNAME,MAJORNUMBER,MINORNUMBER,MINORNAME,MINORIMG,MINORPRICE,MINORSTOCK,PAMAJORNUMBER,PAMINORNUMBER) values (1,'사이즈',2,4,'XL',null,0,5,1,2);
Insert into HR.OPTION1 (PRODUCTNUMBER,MAJORNAME,MAJORNUMBER,MINORNUMBER,MINORNAME,MINORIMG,MINORPRICE,MINORSTOCK,PAMAJORNUMBER,PAMINORNUMBER) values (1,'사이즈',2,2,'M',null,null,null,1,1);
Insert into HR.OPTION1 (PRODUCTNUMBER,MAJORNAME,MAJORNUMBER,MINORNUMBER,MINORNAME,MINORIMG,MINORPRICE,MINORSTOCK,PAMAJORNUMBER,PAMINORNUMBER) values (1,'사이즈',2,3,'L',null,null,5,1,3);
Insert into HR.OPTION1 (PRODUCTNUMBER,MAJORNAME,MAJORNUMBER,MINORNUMBER,MINORNAME,MINORIMG,MINORPRICE,MINORSTOCK,PAMAJORNUMBER,PAMINORNUMBER) values (1,'사이즈',2,4,'XL',null,null,5,1,1);
Insert into HR.OPTION1 (PRODUCTNUMBER,MAJORNAME,MAJORNUMBER,MINORNUMBER,MINORNAME,MINORIMG,MINORPRICE,MINORSTOCK,PAMAJORNUMBER,PAMINORNUMBER) values (1,'사이즈',2,3,'L',null,null,5,1,1);
Insert into HR.OPTION1 (PRODUCTNUMBER,MAJORNAME,MAJORNUMBER,MINORNUMBER,MINORNAME,MINORIMG,MINORPRICE,MINORSTOCK,PAMAJORNUMBER,PAMINORNUMBER) values (1,'사이즈',2,1,'S',null,null,5,1,1);
Insert into HR.OPTION1 (PRODUCTNUMBER,MAJORNAME,MAJORNUMBER,MINORNUMBER,MINORNAME,MINORIMG,MINORPRICE,MINORSTOCK,PAMAJORNUMBER,PAMINORNUMBER) values (1,'사이즈',2,2,'M',null,null,5,1,2);
Insert into HR.OPTION1 (PRODUCTNUMBER,MAJORNAME,MAJORNUMBER,MINORNUMBER,MINORNAME,MINORIMG,MINORPRICE,MINORSTOCK,PAMAJORNUMBER,PAMINORNUMBER) values (1,'사이즈',2,1,'S',null,0,5,1,3);
Insert into HR.OPTION1 (PRODUCTNUMBER,MAJORNAME,MAJORNUMBER,MINORNUMBER,MINORNAME,MINORIMG,MINORPRICE,MINORSTOCK,PAMAJORNUMBER,PAMINORNUMBER) values (1,'사이즈',2,4,'XL',null,null,5,1,4);
Insert into HR.OPTION1 (PRODUCTNUMBER,MAJORNAME,MAJORNUMBER,MINORNUMBER,MINORNAME,MINORIMG,MINORPRICE,MINORSTOCK,PAMAJORNUMBER,PAMINORNUMBER) values (1,'사이즈',2,4,'XL',null,0,5,1,3);
Insert into HR.OPTION1 (PRODUCTNUMBER,MAJORNAME,MAJORNUMBER,MINORNUMBER,MINORNAME,MINORIMG,MINORPRICE,MINORSTOCK,PAMAJORNUMBER,PAMINORNUMBER) values (1,'사이즈',2,1,'S',null,0,5,1,4);
Insert into HR.OPTION1 (PRODUCTNUMBER,MAJORNAME,MAJORNUMBER,MINORNUMBER,MINORNAME,MINORIMG,MINORPRICE,MINORSTOCK,PAMAJORNUMBER,PAMINORNUMBER) values (1,'사이즈',2,2,'M',null,0,5,1,4);
Insert into HR.OPTION1 (PRODUCTNUMBER,MAJORNAME,MAJORNUMBER,MINORNUMBER,MINORNAME,MINORIMG,MINORPRICE,MINORSTOCK,PAMAJORNUMBER,PAMINORNUMBER) values (1,'사이즈',2,3,'L',null,0,5,1,4);
Insert into HR.OPTION1 (PRODUCTNUMBER,MAJORNAME,MAJORNUMBER,MINORNUMBER,MINORNAME,MINORIMG,MINORPRICE,MINORSTOCK,PAMAJORNUMBER,PAMINORNUMBER) values (2,'색상',1,1,'베이지',null,null,10,null,0);
Insert into HR.OPTION1 (PRODUCTNUMBER,MAJORNAME,MAJORNUMBER,MINORNUMBER,MINORNAME,MINORIMG,MINORPRICE,MINORSTOCK,PAMAJORNUMBER,PAMINORNUMBER) values (2,'사이즈',2,1,'스몰(S)',null,null,8,1,1);
Insert into HR.OPTION1 (PRODUCTNUMBER,MAJORNAME,MAJORNUMBER,MINORNUMBER,MINORNAME,MINORIMG,MINORPRICE,MINORSTOCK,PAMAJORNUMBER,PAMINORNUMBER) values (2,'사이즈',2,2,'미디엄(M)',null,null,2,1,1);
Insert into HR.OPTION1 (PRODUCTNUMBER,MAJORNAME,MAJORNUMBER,MINORNUMBER,MINORNAME,MINORIMG,MINORPRICE,MINORSTOCK,PAMAJORNUMBER,PAMINORNUMBER) values (3,'사이즈',1,1,'스몰',null,null,22,null,null);
Insert into HR.OPTION1 (PRODUCTNUMBER,MAJORNAME,MAJORNUMBER,MINORNUMBER,MINORNAME,MINORIMG,MINORPRICE,MINORSTOCK,PAMAJORNUMBER,PAMINORNUMBER) values (3,'사이즈',2,2,'미디움',null,null,22,null,null);
Insert into HR.OPTION1 (PRODUCTNUMBER,MAJORNAME,MAJORNUMBER,MINORNUMBER,MINORNAME,MINORIMG,MINORPRICE,MINORSTOCK,PAMAJORNUMBER,PAMINORNUMBER) values (3,'사이즈',3,3,'라지',null,null,22,null,null);
Insert into HR.OPTION1 (PRODUCTNUMBER,MAJORNAME,MAJORNUMBER,MINORNUMBER,MINORNAME,MINORIMG,MINORPRICE,MINORSTOCK,PAMAJORNUMBER,PAMINORNUMBER) values (3,'사이즈',4,4,'엑스라지',null,null,22,null,null);
REM INSERTING into HR.ORDERLIST
SET DEFINE OFF;
Insert into HR.ORDERLIST (ORDERID,BUYER,SELLER,PRODUCTNUMBER,COUPON,PRICE,OPTIONS,AMOUNT,STATUS) values ('161487670','asd@asd.com','asd@asd.com',115944143,null,100,null,1,'결제대기');
Insert into HR.ORDERLIST (ORDERID,BUYER,SELLER,PRODUCTNUMBER,COUPON,PRICE,OPTIONS,AMOUNT,STATUS) values ('120784650','asd@asd.com','kkyu@mail.com',1,null,36000,'1,1',1,'결제대기');
Insert into HR.ORDERLIST (ORDERID,BUYER,SELLER,PRODUCTNUMBER,COUPON,PRICE,OPTIONS,AMOUNT,STATUS) values ('451163054','asd@asd.com','kkyu@mail.com',1,null,36000,'1,2',1,'결제대기');
Insert into HR.ORDERLIST (ORDERID,BUYER,SELLER,PRODUCTNUMBER,COUPON,PRICE,OPTIONS,AMOUNT,STATUS) values ('822305306','yiirak@hanmail.net','kkyu@mail.com',1,null,36000,'2,2',3,'결제대기');
Insert into HR.ORDERLIST (ORDERID,BUYER,SELLER,PRODUCTNUMBER,COUPON,PRICE,OPTIONS,AMOUNT,STATUS) values ('201704882','asd@asd.com','kkyu@mail.com',1,null,36000,'2,2',1,'결제대기');
Insert into HR.ORDERLIST (ORDERID,BUYER,SELLER,PRODUCTNUMBER,COUPON,PRICE,OPTIONS,AMOUNT,STATUS) values ('277117296','yiirak@hanmail.net','kkyu@mail.com',1,null,36000,'1,2',5,'결제대기');
REM INSERTING into HR.PRODUCT
SET DEFINE OFF;
Insert into HR.PRODUCT (PRODUCTNUMBER,BRANDNAME,MODELNUMBER,MODELNAME,COUPON,PRICE,DISCOUNTRATE,RATING,IMGADDR1,IMGADDR2,IMGADDR3,IMGADDR4,IMGADDR5,DELIVERYPERIOD,CATEGORYCODE,SELLEREMAIL) values (1,'nike','1','나이키반팔티','1',40000,0.1,0.02,'test1.png','test11.jpg','ttttt.jpg','tttt.jpg','ttttt.jpg',3,'1','kkyu@mail.com');
Insert into HR.PRODUCT (PRODUCTNUMBER,BRANDNAME,MODELNUMBER,MODELNAME,COUPON,PRICE,DISCOUNTRATE,RATING,IMGADDR1,IMGADDR2,IMGADDR3,IMGADDR4,IMGADDR5,DELIVERYPERIOD,CATEGORYCODE,SELLEREMAIL) values (2,'꾸즈','1','라운드 블라우스','1',58000,0.2,0.02,'test2.jpg','test2.jpg','test2.jpg','test2.jpg','test2.jpg',3,'14','kkyu@mail.com');
Insert into HR.PRODUCT (PRODUCTNUMBER,BRANDNAME,MODELNUMBER,MODELNAME,COUPON,PRICE,DISCOUNTRATE,RATING,IMGADDR1,IMGADDR2,IMGADDR3,IMGADDR4,IMGADDR5,DELIVERYPERIOD,CATEGORYCODE,SELLEREMAIL) values (3,'nike','2','나이키셔츠','1',70000,0.3,0.02,'test5.jpg','test51.jpg','ttttt.jpg','test51.jpg','test51.jpg',3,'1','kkyu@mail.com');
Insert into HR.PRODUCT (PRODUCTNUMBER,BRANDNAME,MODELNUMBER,MODELNAME,COUPON,PRICE,DISCOUNTRATE,RATING,IMGADDR1,IMGADDR2,IMGADDR3,IMGADDR4,IMGADDR5,DELIVERYPERIOD,CATEGORYCODE,SELLEREMAIL) values (115944143,'꾸즈',null,'dd!!','0',100,0,0,null,null,null,'bamboo.png',null,0,'6','asd@asd.com');
Insert into HR.PRODUCT (PRODUCTNUMBER,BRANDNAME,MODELNUMBER,MODELNAME,COUPON,PRICE,DISCOUNTRATE,RATING,IMGADDR1,IMGADDR2,IMGADDR3,IMGADDR4,IMGADDR5,DELIVERYPERIOD,CATEGORYCODE,SELLEREMAIL) values (960842841,'레노마','3','★멋있는 티셔츠★ ','1',1000000,0,0,'jon4.jpg','jon3.jpg','jon2.jpg','jon1.jpg','jon5.jpg',4,'1','kkyu@mail.com');
Insert into HR.PRODUCT (PRODUCTNUMBER,BRANDNAME,MODELNUMBER,MODELNAME,COUPON,PRICE,DISCOUNTRATE,RATING,IMGADDR1,IMGADDR2,IMGADDR3,IMGADDR4,IMGADDR5,DELIVERYPERIOD,CATEGORYCODE,SELLEREMAIL) values (156104771,'꾸즈',null,'신나는 !!','0',10000,0,0,null,null,null,'053.jpg',null,1,'6','asd@asd.com');
REM INSERTING into HR.PURCHASEHISTORY
SET DEFINE OFF;
Insert into HR.PURCHASEHISTORY (PRODUCTNUMBER,BRANDNAME,MODELNUMBER,MODELNAME,COUPON,FULLPRICE,DISCOUNTRATE,RATING,DELIVERYPERIOD,CATEGORYCODE,PURCHASEDATE) values (1,null,'1','나이키반팔티','0',40000,0.1,0.1,3,1,to_date('19/05/22','RR/MM/DD'));
Insert into HR.PURCHASEHISTORY (PRODUCTNUMBER,BRANDNAME,MODELNUMBER,MODELNAME,COUPON,FULLPRICE,DISCOUNTRATE,RATING,DELIVERYPERIOD,CATEGORYCODE,PURCHASEDATE) values (115944143,'꾸즈',null,'dd!!','0',100,0,0,0,6,to_date('19/05/26','RR/MM/DD'));
Insert into HR.PURCHASEHISTORY (PRODUCTNUMBER,BRANDNAME,MODELNUMBER,MODELNAME,COUPON,FULLPRICE,DISCOUNTRATE,RATING,DELIVERYPERIOD,CATEGORYCODE,PURCHASEDATE) values (1,'nike','1','나이키반팔티','1',36000,0.1,0,3,1,to_date('19/05/26','RR/MM/DD'));
Insert into HR.PURCHASEHISTORY (PRODUCTNUMBER,BRANDNAME,MODELNUMBER,MODELNAME,COUPON,FULLPRICE,DISCOUNTRATE,RATING,DELIVERYPERIOD,CATEGORYCODE,PURCHASEDATE) values (1,'nike','1','나이키반팔티','1',180000,0.1,0,3,1,to_date('19/05/26','RR/MM/DD'));
REM INSERTING into HR.REGIONS
SET DEFINE OFF;
Insert into HR.REGIONS (REGION_ID,REGION_NAME) values (1,'Europe');
Insert into HR.REGIONS (REGION_ID,REGION_NAME) values (2,'Americas');
Insert into HR.REGIONS (REGION_ID,REGION_NAME) values (3,'Asia');
Insert into HR.REGIONS (REGION_ID,REGION_NAME) values (4,'Middle East and Africa');
--------------------------------------------------------
--  DDL for Index SYS_C007018
--------------------------------------------------------

  CREATE UNIQUE INDEX "HR"."SYS_C007018" ON "HR"."BOARD" ("BOARD_NUM") 
  PCTFREE 10 INITRANS 2 MAXTRANS 255 COMPUTE STATISTICS 
  STORAGE(INITIAL 65536 NEXT 1048576 MINEXTENTS 1 MAXEXTENTS 2147483645
  PCTINCREASE 0 FREELISTS 1 FREELIST GROUPS 1 BUFFER_POOL DEFAULT FLASH_CACHE DEFAULT CELL_FLASH_CACHE DEFAULT)
  TABLESPACE "USERS" ;
--------------------------------------------------------
--  DDL for Index CODEXBRAND_PK
--------------------------------------------------------

  CREATE UNIQUE INDEX "HR"."CODEXBRAND_PK" ON "HR"."CODEXBRAND" ("BRANDCODE") 
  PCTFREE 10 INITRANS 2 MAXTRANS 255 COMPUTE STATISTICS 
  STORAGE(INITIAL 65536 NEXT 1048576 MINEXTENTS 1 MAXEXTENTS 2147483645
  PCTINCREASE 0 FREELISTS 1 FREELIST GROUPS 1 BUFFER_POOL DEFAULT FLASH_CACHE DEFAULT CELL_FLASH_CACHE DEFAULT)
  TABLESPACE "USERS" ;
--------------------------------------------------------
--  DDL for Index ASD
--------------------------------------------------------

  CREATE UNIQUE INDEX "HR"."ASD" ON "HR"."CODEXBRAND" ("BRANDNAME") 
  PCTFREE 10 INITRANS 2 MAXTRANS 255 COMPUTE STATISTICS 
  STORAGE(INITIAL 65536 NEXT 1048576 MINEXTENTS 1 MAXEXTENTS 2147483645
  PCTINCREASE 0 FREELISTS 1 FREELIST GROUPS 1 BUFFER_POOL DEFAULT FLASH_CACHE DEFAULT CELL_FLASH_CACHE DEFAULT)
  TABLESPACE "USERS" ;
--------------------------------------------------------
--  DDL for Index COUNTRY_C_ID_PK
--------------------------------------------------------

  CREATE UNIQUE INDEX "HR"."COUNTRY_C_ID_PK" ON "HR"."COUNTRIES" ("COUNTRY_ID") 
  PCTFREE 10 INITRANS 2 MAXTRANS 255 COMPUTE STATISTICS 
  STORAGE(INITIAL 65536 NEXT 1048576 MINEXTENTS 1 MAXEXTENTS 2147483645
  PCTINCREASE 0 FREELISTS 1 FREELIST GROUPS 1 BUFFER_POOL DEFAULT FLASH_CACHE DEFAULT CELL_FLASH_CACHE DEFAULT)
  TABLESPACE "USERS" ;
--------------------------------------------------------
--  DDL for Index DEPT_ID_PK
--------------------------------------------------------

  CREATE UNIQUE INDEX "HR"."DEPT_ID_PK" ON "HR"."DEPARTMENTS" ("DEPARTMENT_ID") 
  PCTFREE 10 INITRANS 2 MAXTRANS 255 COMPUTE STATISTICS 
  STORAGE(INITIAL 65536 NEXT 1048576 MINEXTENTS 1 MAXEXTENTS 2147483645
  PCTINCREASE 0 FREELISTS 1 FREELIST GROUPS 1 BUFFER_POOL DEFAULT FLASH_CACHE DEFAULT CELL_FLASH_CACHE DEFAULT)
  TABLESPACE "USERS" ;
--------------------------------------------------------
--  DDL for Index DEPT_LOCATION_IX
--------------------------------------------------------

  CREATE INDEX "HR"."DEPT_LOCATION_IX" ON "HR"."DEPARTMENTS" ("LOCATION_ID") 
  PCTFREE 10 INITRANS 2 MAXTRANS 255 COMPUTE STATISTICS 
  STORAGE(INITIAL 65536 NEXT 1048576 MINEXTENTS 1 MAXEXTENTS 2147483645
  PCTINCREASE 0 FREELISTS 1 FREELIST GROUPS 1 BUFFER_POOL DEFAULT FLASH_CACHE DEFAULT CELL_FLASH_CACHE DEFAULT)
  TABLESPACE "USERS" ;
--------------------------------------------------------
--  DDL for Index EMP_EMAIL_UK
--------------------------------------------------------

  CREATE UNIQUE INDEX "HR"."EMP_EMAIL_UK" ON "HR"."EMPLOYEES" ("EMAIL") 
  PCTFREE 10 INITRANS 2 MAXTRANS 255 COMPUTE STATISTICS 
  STORAGE(INITIAL 65536 NEXT 1048576 MINEXTENTS 1 MAXEXTENTS 2147483645
  PCTINCREASE 0 FREELISTS 1 FREELIST GROUPS 1 BUFFER_POOL DEFAULT FLASH_CACHE DEFAULT CELL_FLASH_CACHE DEFAULT)
  TABLESPACE "USERS" ;
--------------------------------------------------------
--  DDL for Index EMP_EMP_ID_PK
--------------------------------------------------------

  CREATE UNIQUE INDEX "HR"."EMP_EMP_ID_PK" ON "HR"."EMPLOYEES" ("EMPLOYEE_ID") 
  PCTFREE 10 INITRANS 2 MAXTRANS 255 COMPUTE STATISTICS 
  STORAGE(INITIAL 65536 NEXT 1048576 MINEXTENTS 1 MAXEXTENTS 2147483645
  PCTINCREASE 0 FREELISTS 1 FREELIST GROUPS 1 BUFFER_POOL DEFAULT FLASH_CACHE DEFAULT CELL_FLASH_CACHE DEFAULT)
  TABLESPACE "USERS" ;
--------------------------------------------------------
--  DDL for Index EMP_DEPARTMENT_IX
--------------------------------------------------------

  CREATE INDEX "HR"."EMP_DEPARTMENT_IX" ON "HR"."EMPLOYEES" ("DEPARTMENT_ID") 
  PCTFREE 10 INITRANS 2 MAXTRANS 255 COMPUTE STATISTICS 
  STORAGE(INITIAL 65536 NEXT 1048576 MINEXTENTS 1 MAXEXTENTS 2147483645
  PCTINCREASE 0 FREELISTS 1 FREELIST GROUPS 1 BUFFER_POOL DEFAULT FLASH_CACHE DEFAULT CELL_FLASH_CACHE DEFAULT)
  TABLESPACE "USERS" ;
--------------------------------------------------------
--  DDL for Index EMP_JOB_IX
--------------------------------------------------------

  CREATE INDEX "HR"."EMP_JOB_IX" ON "HR"."EMPLOYEES" ("JOB_ID") 
  PCTFREE 10 INITRANS 2 MAXTRANS 255 COMPUTE STATISTICS 
  STORAGE(INITIAL 65536 NEXT 1048576 MINEXTENTS 1 MAXEXTENTS 2147483645
  PCTINCREASE 0 FREELISTS 1 FREELIST GROUPS 1 BUFFER_POOL DEFAULT FLASH_CACHE DEFAULT CELL_FLASH_CACHE DEFAULT)
  TABLESPACE "USERS" ;
--------------------------------------------------------
--  DDL for Index EMP_MANAGER_IX
--------------------------------------------------------

  CREATE INDEX "HR"."EMP_MANAGER_IX" ON "HR"."EMPLOYEES" ("MANAGER_ID") 
  PCTFREE 10 INITRANS 2 MAXTRANS 255 COMPUTE STATISTICS 
  STORAGE(INITIAL 65536 NEXT 1048576 MINEXTENTS 1 MAXEXTENTS 2147483645
  PCTINCREASE 0 FREELISTS 1 FREELIST GROUPS 1 BUFFER_POOL DEFAULT FLASH_CACHE DEFAULT CELL_FLASH_CACHE DEFAULT)
  TABLESPACE "USERS" ;
--------------------------------------------------------
--  DDL for Index EMP_NAME_IX
--------------------------------------------------------

  CREATE INDEX "HR"."EMP_NAME_IX" ON "HR"."EMPLOYEES" ("LAST_NAME", "FIRST_NAME") 
  PCTFREE 10 INITRANS 2 MAXTRANS 255 COMPUTE STATISTICS 
  STORAGE(INITIAL 65536 NEXT 1048576 MINEXTENTS 1 MAXEXTENTS 2147483645
  PCTINCREASE 0 FREELISTS 1 FREELIST GROUPS 1 BUFFER_POOL DEFAULT FLASH_CACHE DEFAULT CELL_FLASH_CACHE DEFAULT)
  TABLESPACE "USERS" ;
--------------------------------------------------------
--  DDL for Index JHIST_EMP_ID_ST_DATE_PK
--------------------------------------------------------

  CREATE UNIQUE INDEX "HR"."JHIST_EMP_ID_ST_DATE_PK" ON "HR"."JOB_HISTORY" ("EMPLOYEE_ID", "START_DATE") 
  PCTFREE 10 INITRANS 2 MAXTRANS 255 COMPUTE STATISTICS 
  STORAGE(INITIAL 65536 NEXT 1048576 MINEXTENTS 1 MAXEXTENTS 2147483645
  PCTINCREASE 0 FREELISTS 1 FREELIST GROUPS 1 BUFFER_POOL DEFAULT FLASH_CACHE DEFAULT CELL_FLASH_CACHE DEFAULT)
  TABLESPACE "USERS" ;
--------------------------------------------------------
--  DDL for Index JHIST_JOB_IX
--------------------------------------------------------

  CREATE INDEX "HR"."JHIST_JOB_IX" ON "HR"."JOB_HISTORY" ("JOB_ID") 
  PCTFREE 10 INITRANS 2 MAXTRANS 255 COMPUTE STATISTICS 
  STORAGE(INITIAL 65536 NEXT 1048576 MINEXTENTS 1 MAXEXTENTS 2147483645
  PCTINCREASE 0 FREELISTS 1 FREELIST GROUPS 1 BUFFER_POOL DEFAULT FLASH_CACHE DEFAULT CELL_FLASH_CACHE DEFAULT)
  TABLESPACE "USERS" ;
--------------------------------------------------------
--  DDL for Index JHIST_EMPLOYEE_IX
--------------------------------------------------------

  CREATE INDEX "HR"."JHIST_EMPLOYEE_IX" ON "HR"."JOB_HISTORY" ("EMPLOYEE_ID") 
  PCTFREE 10 INITRANS 2 MAXTRANS 255 COMPUTE STATISTICS 
  STORAGE(INITIAL 65536 NEXT 1048576 MINEXTENTS 1 MAXEXTENTS 2147483645
  PCTINCREASE 0 FREELISTS 1 FREELIST GROUPS 1 BUFFER_POOL DEFAULT FLASH_CACHE DEFAULT CELL_FLASH_CACHE DEFAULT)
  TABLESPACE "USERS" ;
--------------------------------------------------------
--  DDL for Index JHIST_DEPARTMENT_IX
--------------------------------------------------------

  CREATE INDEX "HR"."JHIST_DEPARTMENT_IX" ON "HR"."JOB_HISTORY" ("DEPARTMENT_ID") 
  PCTFREE 10 INITRANS 2 MAXTRANS 255 COMPUTE STATISTICS 
  STORAGE(INITIAL 65536 NEXT 1048576 MINEXTENTS 1 MAXEXTENTS 2147483645
  PCTINCREASE 0 FREELISTS 1 FREELIST GROUPS 1 BUFFER_POOL DEFAULT FLASH_CACHE DEFAULT CELL_FLASH_CACHE DEFAULT)
  TABLESPACE "USERS" ;
--------------------------------------------------------
--  DDL for Index JOB_ID_PK
--------------------------------------------------------

  CREATE UNIQUE INDEX "HR"."JOB_ID_PK" ON "HR"."JOBS" ("JOB_ID") 
  PCTFREE 10 INITRANS 2 MAXTRANS 255 COMPUTE STATISTICS 
  STORAGE(INITIAL 65536 NEXT 1048576 MINEXTENTS 1 MAXEXTENTS 2147483645
  PCTINCREASE 0 FREELISTS 1 FREELIST GROUPS 1 BUFFER_POOL DEFAULT FLASH_CACHE DEFAULT CELL_FLASH_CACHE DEFAULT)
  TABLESPACE "USERS" ;
--------------------------------------------------------
--  DDL for Index LOC_ID_PK
--------------------------------------------------------

  CREATE UNIQUE INDEX "HR"."LOC_ID_PK" ON "HR"."LOCATIONS" ("LOCATION_ID") 
  PCTFREE 10 INITRANS 2 MAXTRANS 255 COMPUTE STATISTICS 
  STORAGE(INITIAL 65536 NEXT 1048576 MINEXTENTS 1 MAXEXTENTS 2147483645
  PCTINCREASE 0 FREELISTS 1 FREELIST GROUPS 1 BUFFER_POOL DEFAULT FLASH_CACHE DEFAULT CELL_FLASH_CACHE DEFAULT)
  TABLESPACE "USERS" ;
--------------------------------------------------------
--  DDL for Index LOC_CITY_IX
--------------------------------------------------------

  CREATE INDEX "HR"."LOC_CITY_IX" ON "HR"."LOCATIONS" ("CITY") 
  PCTFREE 10 INITRANS 2 MAXTRANS 255 COMPUTE STATISTICS 
  STORAGE(INITIAL 65536 NEXT 1048576 MINEXTENTS 1 MAXEXTENTS 2147483645
  PCTINCREASE 0 FREELISTS 1 FREELIST GROUPS 1 BUFFER_POOL DEFAULT FLASH_CACHE DEFAULT CELL_FLASH_CACHE DEFAULT)
  TABLESPACE "USERS" ;
--------------------------------------------------------
--  DDL for Index LOC_STATE_PROVINCE_IX
--------------------------------------------------------

  CREATE INDEX "HR"."LOC_STATE_PROVINCE_IX" ON "HR"."LOCATIONS" ("STATE_PROVINCE") 
  PCTFREE 10 INITRANS 2 MAXTRANS 255 COMPUTE STATISTICS 
  STORAGE(INITIAL 65536 NEXT 1048576 MINEXTENTS 1 MAXEXTENTS 2147483645
  PCTINCREASE 0 FREELISTS 1 FREELIST GROUPS 1 BUFFER_POOL DEFAULT FLASH_CACHE DEFAULT CELL_FLASH_CACHE DEFAULT)
  TABLESPACE "USERS" ;
--------------------------------------------------------
--  DDL for Index LOC_COUNTRY_IX
--------------------------------------------------------

  CREATE INDEX "HR"."LOC_COUNTRY_IX" ON "HR"."LOCATIONS" ("COUNTRY_ID") 
  PCTFREE 10 INITRANS 2 MAXTRANS 255 COMPUTE STATISTICS 
  STORAGE(INITIAL 65536 NEXT 1048576 MINEXTENTS 1 MAXEXTENTS 2147483645
  PCTINCREASE 0 FREELISTS 1 FREELIST GROUPS 1 BUFFER_POOL DEFAULT FLASH_CACHE DEFAULT CELL_FLASH_CACHE DEFAULT)
  TABLESPACE "USERS" ;
--------------------------------------------------------
--  DDL for Index SYS_C007136
--------------------------------------------------------

  CREATE UNIQUE INDEX "HR"."SYS_C007136" ON "HR"."MEMBER" ("EMAIL") 
  PCTFREE 10 INITRANS 2 MAXTRANS 255 COMPUTE STATISTICS 
  STORAGE(INITIAL 65536 NEXT 1048576 MINEXTENTS 1 MAXEXTENTS 2147483645
  PCTINCREASE 0 FREELISTS 1 FREELIST GROUPS 1 BUFFER_POOL DEFAULT FLASH_CACHE DEFAULT CELL_FLASH_CACHE DEFAULT)
  TABLESPACE "USERS" ;
--------------------------------------------------------
--  DDL for Index SYS_C006997
--------------------------------------------------------

  CREATE UNIQUE INDEX "HR"."SYS_C006997" ON "HR"."MEMBER11" ("ID") 
  PCTFREE 10 INITRANS 2 MAXTRANS 255 COMPUTE STATISTICS 
  STORAGE(INITIAL 65536 NEXT 1048576 MINEXTENTS 1 MAXEXTENTS 2147483645
  PCTINCREASE 0 FREELISTS 1 FREELIST GROUPS 1 BUFFER_POOL DEFAULT FLASH_CACHE DEFAULT CELL_FLASH_CACHE DEFAULT)
  TABLESPACE "USERS" ;
--------------------------------------------------------
--  DDL for Index MENU_PK
--------------------------------------------------------

  CREATE UNIQUE INDEX "HR"."MENU_PK" ON "HR"."MENU" ("CATEGORYCODE") 
  PCTFREE 10 INITRANS 2 MAXTRANS 255 COMPUTE STATISTICS 
  STORAGE(INITIAL 65536 NEXT 1048576 MINEXTENTS 1 MAXEXTENTS 2147483645
  PCTINCREASE 0 FREELISTS 1 FREELIST GROUPS 1 BUFFER_POOL DEFAULT FLASH_CACHE DEFAULT CELL_FLASH_CACHE DEFAULT)
  TABLESPACE "USERS" ;
--------------------------------------------------------
--  DDL for Index SYS_C007271
--------------------------------------------------------

  CREATE UNIQUE INDEX "HR"."SYS_C007271" ON "HR"."MVC_BOARD" ("BID") 
  PCTFREE 10 INITRANS 2 MAXTRANS 255 COMPUTE STATISTICS 
  STORAGE(INITIAL 65536 NEXT 1048576 MINEXTENTS 1 MAXEXTENTS 2147483645
  PCTINCREASE 0 FREELISTS 1 FREELIST GROUPS 1 BUFFER_POOL DEFAULT FLASH_CACHE DEFAULT CELL_FLASH_CACHE DEFAULT)
  TABLESPACE "USERS" ;
--------------------------------------------------------
--  DDL for Index ORDERLIST_PK
--------------------------------------------------------

  CREATE UNIQUE INDEX "HR"."ORDERLIST_PK" ON "HR"."ORDERLIST" ("ORDERID") 
  PCTFREE 10 INITRANS 2 MAXTRANS 255 COMPUTE STATISTICS 
  STORAGE(INITIAL 65536 NEXT 1048576 MINEXTENTS 1 MAXEXTENTS 2147483645
  PCTINCREASE 0 FREELISTS 1 FREELIST GROUPS 1 BUFFER_POOL DEFAULT FLASH_CACHE DEFAULT CELL_FLASH_CACHE DEFAULT)
  TABLESPACE "USERS" ;
--------------------------------------------------------
--  DDL for Index PRODUCT_PK
--------------------------------------------------------

  CREATE UNIQUE INDEX "HR"."PRODUCT_PK" ON "HR"."PRODUCT" ("PRODUCTNUMBER") 
  PCTFREE 10 INITRANS 2 MAXTRANS 255 COMPUTE STATISTICS 
  STORAGE(INITIAL 65536 NEXT 1048576 MINEXTENTS 1 MAXEXTENTS 2147483645
  PCTINCREASE 0 FREELISTS 1 FREELIST GROUPS 1 BUFFER_POOL DEFAULT FLASH_CACHE DEFAULT CELL_FLASH_CACHE DEFAULT)
  TABLESPACE "USERS" ;
--------------------------------------------------------
--  DDL for Index REG_ID_PK
--------------------------------------------------------

  CREATE UNIQUE INDEX "HR"."REG_ID_PK" ON "HR"."REGIONS" ("REGION_ID") 
  PCTFREE 10 INITRANS 2 MAXTRANS 255 COMPUTE STATISTICS 
  STORAGE(INITIAL 65536 NEXT 1048576 MINEXTENTS 1 MAXEXTENTS 2147483645
  PCTINCREASE 0 FREELISTS 1 FREELIST GROUPS 1 BUFFER_POOL DEFAULT FLASH_CACHE DEFAULT CELL_FLASH_CACHE DEFAULT)
  TABLESPACE "USERS" ;
--------------------------------------------------------
--  DDL for Trigger SECURE_EMPLOYEES
--------------------------------------------------------

  CREATE OR REPLACE TRIGGER "HR"."SECURE_EMPLOYEES" 
  BEFORE INSERT OR UPDATE OR DELETE ON employees
BEGIN
  secure_dml;
END secure_employees;
/
ALTER TRIGGER "HR"."SECURE_EMPLOYEES" DISABLE;
--------------------------------------------------------
--  DDL for Trigger UPDATE_JOB_HISTORY
--------------------------------------------------------

  CREATE OR REPLACE TRIGGER "HR"."UPDATE_JOB_HISTORY" 
  AFTER UPDATE OF job_id, department_id ON employees
  FOR EACH ROW
BEGIN
  add_job_history(:old.employee_id, :old.hire_date, sysdate,
                  :old.job_id, :old.department_id);
END;
/
ALTER TRIGGER "HR"."UPDATE_JOB_HISTORY" ENABLE;
--------------------------------------------------------
--  Constraints for Table BOARD
--------------------------------------------------------

  ALTER TABLE "HR"."BOARD" ADD PRIMARY KEY ("BOARD_NUM")
  USING INDEX PCTFREE 10 INITRANS 2 MAXTRANS 255 COMPUTE STATISTICS 
  STORAGE(INITIAL 65536 NEXT 1048576 MINEXTENTS 1 MAXEXTENTS 2147483645
  PCTINCREASE 0 FREELISTS 1 FREELIST GROUPS 1 BUFFER_POOL DEFAULT FLASH_CACHE DEFAULT CELL_FLASH_CACHE DEFAULT)
  TABLESPACE "USERS"  ENABLE;
--------------------------------------------------------
--  Constraints for Table CODEXBRAND
--------------------------------------------------------

  ALTER TABLE "HR"."CODEXBRAND" ADD CONSTRAINT "ASD" UNIQUE ("BRANDNAME")
  USING INDEX PCTFREE 10 INITRANS 2 MAXTRANS 255 COMPUTE STATISTICS 
  STORAGE(INITIAL 65536 NEXT 1048576 MINEXTENTS 1 MAXEXTENTS 2147483645
  PCTINCREASE 0 FREELISTS 1 FREELIST GROUPS 1 BUFFER_POOL DEFAULT FLASH_CACHE DEFAULT CELL_FLASH_CACHE DEFAULT)
  TABLESPACE "USERS"  ENABLE;
  ALTER TABLE "HR"."CODEXBRAND" ADD CONSTRAINT "CODEXBRAND_PK" PRIMARY KEY ("BRANDCODE")
  USING INDEX PCTFREE 10 INITRANS 2 MAXTRANS 255 COMPUTE STATISTICS 
  STORAGE(INITIAL 65536 NEXT 1048576 MINEXTENTS 1 MAXEXTENTS 2147483645
  PCTINCREASE 0 FREELISTS 1 FREELIST GROUPS 1 BUFFER_POOL DEFAULT FLASH_CACHE DEFAULT CELL_FLASH_CACHE DEFAULT)
  TABLESPACE "USERS"  ENABLE;
  ALTER TABLE "HR"."CODEXBRAND" MODIFY ("BRANDCODE" NOT NULL ENABLE);
--------------------------------------------------------
--  Constraints for Table COUNTRIES
--------------------------------------------------------

  ALTER TABLE "HR"."COUNTRIES" ADD CONSTRAINT "COUNTRY_C_ID_PK" PRIMARY KEY ("COUNTRY_ID")
  USING INDEX PCTFREE 10 INITRANS 2 MAXTRANS 255 COMPUTE STATISTICS 
  STORAGE(INITIAL 65536 NEXT 1048576 MINEXTENTS 1 MAXEXTENTS 2147483645
  PCTINCREASE 0 FREELISTS 1 FREELIST GROUPS 1 BUFFER_POOL DEFAULT FLASH_CACHE DEFAULT CELL_FLASH_CACHE DEFAULT)
  TABLESPACE "USERS"  ENABLE;
  ALTER TABLE "HR"."COUNTRIES" MODIFY ("COUNTRY_ID" CONSTRAINT "COUNTRY_ID_NN" NOT NULL ENABLE);
--------------------------------------------------------
--  Constraints for Table DEPARTMENTS
--------------------------------------------------------

  ALTER TABLE "HR"."DEPARTMENTS" ADD CONSTRAINT "DEPT_ID_PK" PRIMARY KEY ("DEPARTMENT_ID")
  USING INDEX PCTFREE 10 INITRANS 2 MAXTRANS 255 COMPUTE STATISTICS 
  STORAGE(INITIAL 65536 NEXT 1048576 MINEXTENTS 1 MAXEXTENTS 2147483645
  PCTINCREASE 0 FREELISTS 1 FREELIST GROUPS 1 BUFFER_POOL DEFAULT FLASH_CACHE DEFAULT CELL_FLASH_CACHE DEFAULT)
  TABLESPACE "USERS"  ENABLE;
  ALTER TABLE "HR"."DEPARTMENTS" MODIFY ("DEPARTMENT_NAME" CONSTRAINT "DEPT_NAME_NN" NOT NULL ENABLE);
--------------------------------------------------------
--  Constraints for Table EMPLOYEES
--------------------------------------------------------

  ALTER TABLE "HR"."EMPLOYEES" ADD CONSTRAINT "EMP_EMP_ID_PK" PRIMARY KEY ("EMPLOYEE_ID")
  USING INDEX PCTFREE 10 INITRANS 2 MAXTRANS 255 COMPUTE STATISTICS 
  STORAGE(INITIAL 65536 NEXT 1048576 MINEXTENTS 1 MAXEXTENTS 2147483645
  PCTINCREASE 0 FREELISTS 1 FREELIST GROUPS 1 BUFFER_POOL DEFAULT FLASH_CACHE DEFAULT CELL_FLASH_CACHE DEFAULT)
  TABLESPACE "USERS"  ENABLE;
  ALTER TABLE "HR"."EMPLOYEES" ADD CONSTRAINT "EMP_EMAIL_UK" UNIQUE ("EMAIL")
  USING INDEX PCTFREE 10 INITRANS 2 MAXTRANS 255 COMPUTE STATISTICS 
  STORAGE(INITIAL 65536 NEXT 1048576 MINEXTENTS 1 MAXEXTENTS 2147483645
  PCTINCREASE 0 FREELISTS 1 FREELIST GROUPS 1 BUFFER_POOL DEFAULT FLASH_CACHE DEFAULT CELL_FLASH_CACHE DEFAULT)
  TABLESPACE "USERS"  ENABLE;
  ALTER TABLE "HR"."EMPLOYEES" ADD CONSTRAINT "EMP_SALARY_MIN" CHECK (salary > 0) ENABLE;
  ALTER TABLE "HR"."EMPLOYEES" MODIFY ("JOB_ID" CONSTRAINT "EMP_JOB_NN" NOT NULL ENABLE);
  ALTER TABLE "HR"."EMPLOYEES" MODIFY ("HIRE_DATE" CONSTRAINT "EMP_HIRE_DATE_NN" NOT NULL ENABLE);
  ALTER TABLE "HR"."EMPLOYEES" MODIFY ("EMAIL" CONSTRAINT "EMP_EMAIL_NN" NOT NULL ENABLE);
  ALTER TABLE "HR"."EMPLOYEES" MODIFY ("LAST_NAME" CONSTRAINT "EMP_LAST_NAME_NN" NOT NULL ENABLE);
--------------------------------------------------------
--  Constraints for Table JOB_HISTORY
--------------------------------------------------------

  ALTER TABLE "HR"."JOB_HISTORY" ADD CONSTRAINT "JHIST_EMP_ID_ST_DATE_PK" PRIMARY KEY ("EMPLOYEE_ID", "START_DATE")
  USING INDEX PCTFREE 10 INITRANS 2 MAXTRANS 255 COMPUTE STATISTICS 
  STORAGE(INITIAL 65536 NEXT 1048576 MINEXTENTS 1 MAXEXTENTS 2147483645
  PCTINCREASE 0 FREELISTS 1 FREELIST GROUPS 1 BUFFER_POOL DEFAULT FLASH_CACHE DEFAULT CELL_FLASH_CACHE DEFAULT)
  TABLESPACE "USERS"  ENABLE;
  ALTER TABLE "HR"."JOB_HISTORY" ADD CONSTRAINT "JHIST_DATE_INTERVAL" CHECK (end_date > start_date) ENABLE;
  ALTER TABLE "HR"."JOB_HISTORY" MODIFY ("JOB_ID" CONSTRAINT "JHIST_JOB_NN" NOT NULL ENABLE);
  ALTER TABLE "HR"."JOB_HISTORY" MODIFY ("END_DATE" CONSTRAINT "JHIST_END_DATE_NN" NOT NULL ENABLE);
  ALTER TABLE "HR"."JOB_HISTORY" MODIFY ("START_DATE" CONSTRAINT "JHIST_START_DATE_NN" NOT NULL ENABLE);
  ALTER TABLE "HR"."JOB_HISTORY" MODIFY ("EMPLOYEE_ID" CONSTRAINT "JHIST_EMPLOYEE_NN" NOT NULL ENABLE);
--------------------------------------------------------
--  Constraints for Table JOBS
--------------------------------------------------------

  ALTER TABLE "HR"."JOBS" ADD CONSTRAINT "JOB_ID_PK" PRIMARY KEY ("JOB_ID")
  USING INDEX PCTFREE 10 INITRANS 2 MAXTRANS 255 COMPUTE STATISTICS 
  STORAGE(INITIAL 65536 NEXT 1048576 MINEXTENTS 1 MAXEXTENTS 2147483645
  PCTINCREASE 0 FREELISTS 1 FREELIST GROUPS 1 BUFFER_POOL DEFAULT FLASH_CACHE DEFAULT CELL_FLASH_CACHE DEFAULT)
  TABLESPACE "USERS"  ENABLE;
  ALTER TABLE "HR"."JOBS" MODIFY ("JOB_TITLE" CONSTRAINT "JOB_TITLE_NN" NOT NULL ENABLE);
--------------------------------------------------------
--  Constraints for Table LOCATIONS
--------------------------------------------------------

  ALTER TABLE "HR"."LOCATIONS" ADD CONSTRAINT "LOC_ID_PK" PRIMARY KEY ("LOCATION_ID")
  USING INDEX PCTFREE 10 INITRANS 2 MAXTRANS 255 COMPUTE STATISTICS 
  STORAGE(INITIAL 65536 NEXT 1048576 MINEXTENTS 1 MAXEXTENTS 2147483645
  PCTINCREASE 0 FREELISTS 1 FREELIST GROUPS 1 BUFFER_POOL DEFAULT FLASH_CACHE DEFAULT CELL_FLASH_CACHE DEFAULT)
  TABLESPACE "USERS"  ENABLE;
  ALTER TABLE "HR"."LOCATIONS" MODIFY ("CITY" CONSTRAINT "LOC_CITY_NN" NOT NULL ENABLE);
--------------------------------------------------------
--  Constraints for Table MEMBER
--------------------------------------------------------

  ALTER TABLE "HR"."MEMBER" ADD PRIMARY KEY ("EMAIL")
  USING INDEX PCTFREE 10 INITRANS 2 MAXTRANS 255 COMPUTE STATISTICS 
  STORAGE(INITIAL 65536 NEXT 1048576 MINEXTENTS 1 MAXEXTENTS 2147483645
  PCTINCREASE 0 FREELISTS 1 FREELIST GROUPS 1 BUFFER_POOL DEFAULT FLASH_CACHE DEFAULT CELL_FLASH_CACHE DEFAULT)
  TABLESPACE "USERS"  ENABLE;
--------------------------------------------------------
--  Constraints for Table MEMBER11
--------------------------------------------------------

  ALTER TABLE "HR"."MEMBER11" ADD PRIMARY KEY ("ID")
  USING INDEX PCTFREE 10 INITRANS 2 MAXTRANS 255 COMPUTE STATISTICS 
  STORAGE(INITIAL 65536 NEXT 1048576 MINEXTENTS 1 MAXEXTENTS 2147483645
  PCTINCREASE 0 FREELISTS 1 FREELIST GROUPS 1 BUFFER_POOL DEFAULT FLASH_CACHE DEFAULT CELL_FLASH_CACHE DEFAULT)
  TABLESPACE "USERS"  ENABLE;
--------------------------------------------------------
--  Constraints for Table MENU
--------------------------------------------------------

  ALTER TABLE "HR"."MENU" ADD CONSTRAINT "MENU_PK" PRIMARY KEY ("CATEGORYCODE")
  USING INDEX PCTFREE 10 INITRANS 2 MAXTRANS 255 COMPUTE STATISTICS 
  STORAGE(INITIAL 65536 NEXT 1048576 MINEXTENTS 1 MAXEXTENTS 2147483645
  PCTINCREASE 0 FREELISTS 1 FREELIST GROUPS 1 BUFFER_POOL DEFAULT FLASH_CACHE DEFAULT CELL_FLASH_CACHE DEFAULT)
  TABLESPACE "USERS"  ENABLE;
  ALTER TABLE "HR"."MENU" MODIFY ("CATEGORYCODE" NOT NULL ENABLE);
--------------------------------------------------------
--  Constraints for Table MVC_BOARD
--------------------------------------------------------

  ALTER TABLE "HR"."MVC_BOARD" ADD PRIMARY KEY ("BID")
  USING INDEX PCTFREE 10 INITRANS 2 MAXTRANS 255 COMPUTE STATISTICS 
  STORAGE(INITIAL 65536 NEXT 1048576 MINEXTENTS 1 MAXEXTENTS 2147483645
  PCTINCREASE 0 FREELISTS 1 FREELIST GROUPS 1 BUFFER_POOL DEFAULT FLASH_CACHE DEFAULT CELL_FLASH_CACHE DEFAULT)
  TABLESPACE "USERS"  ENABLE;
--------------------------------------------------------
--  Constraints for Table ORDERLIST
--------------------------------------------------------

  ALTER TABLE "HR"."ORDERLIST" ADD CONSTRAINT "ORDERLIST_PK" PRIMARY KEY ("ORDERID")
  USING INDEX PCTFREE 10 INITRANS 2 MAXTRANS 255 COMPUTE STATISTICS 
  STORAGE(INITIAL 65536 NEXT 1048576 MINEXTENTS 1 MAXEXTENTS 2147483645
  PCTINCREASE 0 FREELISTS 1 FREELIST GROUPS 1 BUFFER_POOL DEFAULT FLASH_CACHE DEFAULT CELL_FLASH_CACHE DEFAULT)
  TABLESPACE "USERS"  ENABLE;
  ALTER TABLE "HR"."ORDERLIST" MODIFY ("ORDERID" NOT NULL ENABLE);
--------------------------------------------------------
--  Constraints for Table PRODUCT
--------------------------------------------------------

  ALTER TABLE "HR"."PRODUCT" ADD CONSTRAINT "PRODUCT_PK" PRIMARY KEY ("PRODUCTNUMBER")
  USING INDEX PCTFREE 10 INITRANS 2 MAXTRANS 255 COMPUTE STATISTICS 
  STORAGE(INITIAL 65536 NEXT 1048576 MINEXTENTS 1 MAXEXTENTS 2147483645
  PCTINCREASE 0 FREELISTS 1 FREELIST GROUPS 1 BUFFER_POOL DEFAULT FLASH_CACHE DEFAULT CELL_FLASH_CACHE DEFAULT)
  TABLESPACE "USERS"  ENABLE;
  ALTER TABLE "HR"."PRODUCT" MODIFY ("PRODUCTNUMBER" NOT NULL ENABLE);
--------------------------------------------------------
--  Constraints for Table REGIONS
--------------------------------------------------------

  ALTER TABLE "HR"."REGIONS" ADD CONSTRAINT "REG_ID_PK" PRIMARY KEY ("REGION_ID")
  USING INDEX PCTFREE 10 INITRANS 2 MAXTRANS 255 COMPUTE STATISTICS 
  STORAGE(INITIAL 65536 NEXT 1048576 MINEXTENTS 1 MAXEXTENTS 2147483645
  PCTINCREASE 0 FREELISTS 1 FREELIST GROUPS 1 BUFFER_POOL DEFAULT FLASH_CACHE DEFAULT CELL_FLASH_CACHE DEFAULT)
  TABLESPACE "USERS"  ENABLE;
  ALTER TABLE "HR"."REGIONS" MODIFY ("REGION_ID" CONSTRAINT "REGION_ID_NN" NOT NULL ENABLE);
--------------------------------------------------------
--  Ref Constraints for Table COUNTRIES
--------------------------------------------------------

  ALTER TABLE "HR"."COUNTRIES" ADD CONSTRAINT "COUNTR_REG_FK" FOREIGN KEY ("REGION_ID")
	  REFERENCES "HR"."REGIONS" ("REGION_ID") ENABLE;
--------------------------------------------------------
--  Ref Constraints for Table DEPARTMENTS
--------------------------------------------------------

  ALTER TABLE "HR"."DEPARTMENTS" ADD CONSTRAINT "DEPT_LOC_FK" FOREIGN KEY ("LOCATION_ID")
	  REFERENCES "HR"."LOCATIONS" ("LOCATION_ID") ENABLE;
  ALTER TABLE "HR"."DEPARTMENTS" ADD CONSTRAINT "DEPT_MGR_FK" FOREIGN KEY ("MANAGER_ID")
	  REFERENCES "HR"."EMPLOYEES" ("EMPLOYEE_ID") ENABLE;
--------------------------------------------------------
--  Ref Constraints for Table EMPLOYEES
--------------------------------------------------------

  ALTER TABLE "HR"."EMPLOYEES" ADD CONSTRAINT "EMP_DEPT_FK" FOREIGN KEY ("DEPARTMENT_ID")
	  REFERENCES "HR"."DEPARTMENTS" ("DEPARTMENT_ID") ENABLE;
  ALTER TABLE "HR"."EMPLOYEES" ADD CONSTRAINT "EMP_JOB_FK" FOREIGN KEY ("JOB_ID")
	  REFERENCES "HR"."JOBS" ("JOB_ID") ENABLE;
  ALTER TABLE "HR"."EMPLOYEES" ADD CONSTRAINT "EMP_MANAGER_FK" FOREIGN KEY ("MANAGER_ID")
	  REFERENCES "HR"."EMPLOYEES" ("EMPLOYEE_ID") ENABLE;
--------------------------------------------------------
--  Ref Constraints for Table JOB_HISTORY
--------------------------------------------------------

  ALTER TABLE "HR"."JOB_HISTORY" ADD CONSTRAINT "JHIST_DEPT_FK" FOREIGN KEY ("DEPARTMENT_ID")
	  REFERENCES "HR"."DEPARTMENTS" ("DEPARTMENT_ID") ENABLE;
  ALTER TABLE "HR"."JOB_HISTORY" ADD CONSTRAINT "JHIST_EMP_FK" FOREIGN KEY ("EMPLOYEE_ID")
	  REFERENCES "HR"."EMPLOYEES" ("EMPLOYEE_ID") ENABLE;
  ALTER TABLE "HR"."JOB_HISTORY" ADD CONSTRAINT "JHIST_JOB_FK" FOREIGN KEY ("JOB_ID")
	  REFERENCES "HR"."JOBS" ("JOB_ID") ENABLE;
--------------------------------------------------------
--  Ref Constraints for Table LOCATIONS
--------------------------------------------------------

  ALTER TABLE "HR"."LOCATIONS" ADD CONSTRAINT "LOC_C_ID_FK" FOREIGN KEY ("COUNTRY_ID")
	  REFERENCES "HR"."COUNTRIES" ("COUNTRY_ID") ENABLE;
--------------------------------------------------------
--  Ref Constraints for Table OPTION1
--------------------------------------------------------

  ALTER TABLE "HR"."OPTION1" ADD CONSTRAINT "PDN" FOREIGN KEY ("PRODUCTNUMBER")
	  REFERENCES "HR"."PRODUCT" ("PRODUCTNUMBER") ENABLE;
--------------------------------------------------------
--  Ref Constraints for Table ORDERLIST
--------------------------------------------------------

  ALTER TABLE "HR"."ORDERLIST" ADD CONSTRAINT "ORDERLIST_FK1" FOREIGN KEY ("PRODUCTNUMBER")
	  REFERENCES "HR"."PRODUCT" ("PRODUCTNUMBER") ENABLE;
  ALTER TABLE "HR"."ORDERLIST" ADD CONSTRAINT "ORDERLIST_FK2" FOREIGN KEY ("SELLER")
	  REFERENCES "HR"."MEMBER" ("EMAIL") ENABLE;
  ALTER TABLE "HR"."ORDERLIST" ADD CONSTRAINT "ORDERLIST_FK3" FOREIGN KEY ("BUYER")
	  REFERENCES "HR"."MEMBER" ("EMAIL") ENABLE;
--------------------------------------------------------
--  Ref Constraints for Table PRODUCT
--------------------------------------------------------

  ALTER TABLE "HR"."PRODUCT" ADD CONSTRAINT "PRODUCT_FK1" FOREIGN KEY ("CATEGORYCODE")
	  REFERENCES "HR"."MENU" ("CATEGORYCODE") ON DELETE CASCADE ENABLE;
  ALTER TABLE "HR"."PRODUCT" ADD CONSTRAINT "ZXCX" FOREIGN KEY ("BRANDNAME")
	  REFERENCES "HR"."CODEXBRAND" ("BRANDNAME") ENABLE;
--------------------------------------------------------
--  Ref Constraints for Table PURCHASEHISTORY
--------------------------------------------------------

  ALTER TABLE "HR"."PURCHASEHISTORY" ADD CONSTRAINT "PURCHASEHISTORY_FK1" FOREIGN KEY ("BRANDNAME")
	  REFERENCES "HR"."CODEXBRAND" ("BRANDNAME") ENABLE;
